question,loss,zlib,mink_0.1,mink_0.2,mink_0.3,mink_0.4,mink_0.5,mink_0.6,mink_0.7,mink_0.8,mink_0.9,mink_1.0,minkpp_0.1,minkpp_0.2,minkpp_0.3,minkpp_0.4,minkpp_0.5,minkpp_0.6,minkpp_0.7,minkpp_0.8,minkpp_0.9,minkpp_1.0
 Как взаимосвязь между стохастической изменчивостью пополнения грунтовых вод и нелинейной динамикой ненасыщенного потока влияет на формирующиеся законы масштабирования спектра речного стока в влажных и засушливых водосборных бассейнах?,-2.7249886989593506,-0.011354119578997294,-11.350000381469727,-9.752840995788574,-8.047794342041016,-6.4303669929504395,-5.366244792938232,-4.5518975257873535,-3.912931203842163,-3.418290853500366,-3.03263258934021,-2.7243611812591553,-2.6187500953674316,-1.9222301244735718,-1.319221019744873,-0.9677243232727051,-0.7493380904197693,-0.5986842513084412,-0.48051267862319946,-0.38174957036972046,-0.27982833981513977,-0.168876513838768
 Как взаимодействие эпигенетического наследования с колеблющимися селективными давлениями влияет на скорость и направление адаптивной фенотипической диверсификации в быстро меняющихся микросредах обитания на протяжении нескольких поколений?,-2.533240795135498,-0.010555169979731242,-9.024999618530273,-7.934374809265137,-6.45703125,-5.58407735824585,-4.765335559844971,-4.1644287109375,-3.6574113368988037,-3.1746456623077393,-2.8483173847198486,-2.532125949859619,-3.578125,-2.491406202316284,-1.828125,-1.4226480722427368,-1.0940347909927368,-0.9046134948730469,-0.7519630193710327,-0.6002538204193115,-0.49349722266197205,-0.36227530241012573
" Каковы механистические последствия включения явной поляризуемости растворителя и квантово-выведенных путей переноса заряда в гибридные QM/MM-моделирования молекулярной динамики для прогнозирования частоты каталитического оборота металлоферментов, подвергающихся крупномасштабной конформационной модификации?",-2.6132614612579346,-0.008568070364780113,-8.95703125,-7.947265625,-6.750625133514404,-5.801136493682861,-4.93563985824585,-4.336796760559082,-3.775062322616577,-3.274073362350464,-2.9261837005615234,-2.6127567291259766,-2.3505859375,-1.684326171875,-1.253749966621399,-0.980409562587738,-0.7607043981552124,-0.6223608255386353,-0.5153366327285767,-0.41070830821990967,-0.3191390037536621,-0.2099827378988266
"Учитывая нелинейные обратные связи между выбросами углерода из арктической вечной мерзлоты, скоростью окисления метана и радиационным воздействием атмосферы, как можно откалибровать интегрированные модели земной системы для прогнозирования пороговой температуры, при которой оттаивание вечной мерзлоты ускоряет глобальное потепление более чем на 2 °C?",-2.0476531982421875,-0.0063004713792067304,-8.322916984558105,-6.94618034362793,-5.747684955596924,-4.78819465637207,-4.036805629730225,-3.422544240951538,-2.951016902923584,-2.5878398418426514,-2.3007824420928955,-2.0479490756988525,-1.953125,-1.35546875,-0.9376537203788757,-0.6927456259727478,-0.5368950963020325,-0.4143541157245636,-0.31645467877388,-0.2337120920419693,-0.1538281887769699,-0.04609294608235359
" Как взаимодействие эпигенетического наследования с колеблющимися селективными давлениями влияет на скорость закрепления адаптивных признаков в популяциях, размножающихся половым путем и периодически испытывающих экстремальные условия окружающей среды?",-2.4126269817352295,-0.00938765362542891,-9.887499809265137,-7.956250190734863,-6.508333206176758,-5.495703220367432,-4.66281270980835,-4.008203029632568,-3.48828125,-3.070849657058716,-2.733208656311035,-2.4119598865509033,-1.7609374523162842,-1.4609375,-1.0616536140441895,-0.777600109577179,-0.5961816310882568,-0.46507975459098816,-0.35555943846702576,-0.26643675565719604,-0.18696288764476776,-0.08163392543792725
" Каковы механизмы, посредством которых гетерогенная химия поверхности аэрозолей модулирует гетерогенные скорости образования зародышей льда в условиях смешанной облачности, и как эти механизмы влияют на радиационное воздействие на атмосферу?",-2.193573474884033,-0.00902705133697133,-7.119791507720947,-6.434895992279053,-5.579861164093018,-4.791666507720947,-4.145833492279053,-3.5706379413604736,-3.1149089336395264,-2.739227294921875,-2.4367330074310303,-2.1931893825531006,-1.3802083730697632,-0.9013671875,-0.6031697392463684,-0.4360707700252533,-0.32406818866729736,-0.234222412109375,-0.1532360315322876,-0.07768503576517105,-0.002430103486403823,0.08446655422449112
" Каким образом эпигенетические модификации, вставки транспозабельных элементов и трехмерная архитектура хроматина совместно эволюционируют для модуляции генных регуляторных сетей во время быстрых адаптивных радиаций в полиплоидных линиях позвоночных?",-2.9744014739990234,-0.011664319505878522,-10.25,-8.841145515441895,-7.513888835906982,-6.427083492279053,-5.516129016876221,-4.830236434936523,-4.246457099914551,-3.75874924659729,-3.3521840572357178,-2.9739625453948975,-3.8880207538604736,-2.6139323711395264,-2.00390625,-1.5705972909927368,-1.2107622623443604,-0.9924893975257874,-0.8181421756744385,-0.6681368947029114,-0.537365734577179,-0.3865366280078888
Как можно интегрировать мультиомиксные данные о временных возмущениях со стохастическими дифференциальными уравнениями для вывода причинно-следственной динамики регуляторных сетей и прогнозирования возникающих фенотипических бифуркаций при различных стрессовых факторах окружающей среды?,-2.341715097427368,-0.00842343560225672,-8.15625,-7.285714149475098,-6.331101417541504,-5.576450824737549,-4.688448429107666,-3.9441616535186768,-3.3894691467285156,-2.9671719074249268,-2.6378567218780518,-2.3406333923339844,-1.9709821939468384,-1.4924665689468384,-1.1915922164916992,-0.9190760850906372,-0.7270298600196838,-0.5942266583442688,-0.49326372146606445,-0.4026750922203064,-0.3178478479385376,-0.22209231555461884
 Каким образом взаимодействие между разнообразием функциональных признаков растений и модульностью микробной сети почвы влияет на устойчивость экосистемы к одновременной засухе и выпадению азота в умеренных луговых экосистемах?,-2.6959433555603027,-0.011876402447402215,-8.925000190734863,-7.734375,-6.804166793823242,-5.907031059265137,-4.96754789352417,-4.3674397468566895,-3.862738609313965,-3.41650390625,-3.04649019241333,-2.694972038269043,-2.135937452316284,-1.5656249523162842,-1.2329427003860474,-0.989794909954071,-0.7596341371536255,-0.6265593767166138,-0.5166422724723816,-0.41200220584869385,-0.3085406720638275,-0.1673208326101303
 Каким образом взаимодействие между эпигенетическими паттернами метилирования ДНК и трехмерным петлеобразованием хроматина влияет на аллель-специфическую экспрессию импринтированных генов на ранних стадиях эмбриогенеза у млекопитающих?,-1.6998827457427979,-0.006995402245855135,-9.03125,-6.848214149475098,-5.190476417541504,-4.0899834632873535,-3.349330425262451,-2.8225910663604736,-2.4273407459259033,-2.1250338554382324,-1.8890424966812134,-1.7001382112503052,-2.728794574737549,-1.7771432399749756,-1.1734445095062256,-0.8654698133468628,-0.6745465993881226,-0.5267798900604248,-0.4026576578617096,-0.2980913519859314,-0.2053532749414444,-0.10183802992105484
" В морской биогеохимии, как взаимосвязь потоков питательных веществ, вызванных мезомасштабными вихрями, с сетями экспрессии микробных генов влияет на эффективность секвестрации углерода в олиготрофных круговоротах в условиях прогнозируемых сценариев изменения климата?",-2.40580415725708,-0.008780307143274015,-9.09375,-7.712890625,-6.382161617279053,-5.43701171875,-4.632421970367432,-3.9565021991729736,-3.426967144012451,-3.005786895751953,-2.673853635787964,-2.4068572521209717,-1.740234375,-1.32177734375,-1.03466796875,-0.7831649780273438,-0.606488049030304,-0.4788767397403717,-0.3700605034828186,-0.2700920104980469,-0.1829800009727478,-0.07747497409582138
Как включение явно коррелированных сил связанных кластеров (CCSD-F12) в расчеты молекулярной динамики ab initio влияет на прогнозируемый ландшафт свободной энергии и константы скорости реакции протон-сопряженного переноса электронов в водной среде?,-2.8951170444488525,-0.010722655720180935,-10.578125,-8.736979484558105,-7.133223533630371,-6.183125019073486,-5.36376953125,-4.743832111358643,-4.181285381317139,-3.629638671875,-3.249873638153076,-2.8950257301330566,-2.3815104961395264,-1.8284505605697632,-1.4122121334075928,-1.1261718273162842,-0.8675460815429688,-0.7088879942893982,-0.5745794177055359,-0.4344027638435364,-0.3269299864768982,-0.19968032836914062
" Каким образом адаптивное уточнение сетки в сочетании с уравнениями реакции-диффузии-адвекции может прояснить пространственно-временную эволюцию формирования паттернов, обусловленных генами, в эмбриональных тканях, подверженных механической обратной связи и стохастическому шуму экспрессии генов?",-2.279043436050415,-0.007996643635264615,-9.183035850524902,-7.40625,-6.29211950302124,-5.256300449371338,-4.457431793212891,-3.7959606647491455,-3.2680840492248535,-2.856260299682617,-2.5353050231933594,-2.2786636352539062,-2.3895089626312256,-1.4287109375,-0.930027186870575,-0.6735052466392517,-0.5161320567131042,-0.39883747696876526,-0.2957253158092499,-0.205190509557724,-0.11813998967409134,-0.014651527628302574
" Как пространственная неоднородность диффузии питательных веществ в сочетании с петлями обратной связи, основанными на механизме кворумного зондирования, влияет на эволюцию сетей метаболического перекрестного питания среди искусственно созданных микробных консорциумов в микрофлюидных хемостатных системах?",-2.502544403076172,-0.008659323194035198,-9.138392448425293,-7.772916793823242,-6.675271511077881,-5.666834831237793,-4.831530570983887,-4.150515079498291,-3.5768465995788574,-3.135331392288208,-2.784658908843994,-2.5030622482299805,-2.078125,-1.4958332777023315,-1.1209238767623901,-0.8171702027320862,-0.6251815557479858,-0.4834659695625305,-0.36800870299339294,-0.2691631019115448,-0.1758672147989273,-0.07048865407705307
"Каковы основные нелинейные динамические процессы и механизмы энергетического каскада, связывающие субмезомасштабную турбулентность с формированием термохалинных лестничных структур в Южном океане, и как они влияют на чувствительность меридиональной опрокидывающей циркуляции к увеличению притока пресной воды?",-2.1329362392425537,-0.006970379866805731,-8.74609375,-7.352941036224365,-6.078125,-4.993750095367432,-4.184659004211426,-3.5622236728668213,-3.057278633117676,-2.6720259189605713,-2.3722984790802,-2.1324031352996826,-2.0791015625,-1.5358456373214722,-1.128154993057251,-0.8306623101234436,-0.645911455154419,-0.5168906450271606,-0.41349053382873535,-0.31904280185699463,-0.22370223701000214,-0.11224639415740967
" Как в многофазном каталитическом реакторе, работающем в условиях кратковременных скачков температуры, взаимосвязанные ограничения массопереноса и динамика реконструкции поверхности перовскитных оксидов влияют на селективность в отношении реакций C-C-связывания по сравнению с реакциями окисления CO?",-2.533362865447998,-0.00864628964316723,-8.428571701049805,-7.195833206176758,-6.246448993682861,-5.432812690734863,-4.777238368988037,-4.120312690734863,-3.632361888885498,-3.1621906757354736,-2.835139513015747,-2.533656120300293,-4.828125,-2.7669270038604736,-2.0106756687164307,-1.4569580554962158,-1.1558871269226074,-0.9176920652389526,-0.7549062967300415,-0.5975789427757263,-0.477601021528244,-0.34082356095314026
" Как в неравновесной квантовой многочастичной системе возникновение топологически защищенных возбуждений зависит от взаимодействия сильной спин-орбитальной связи, электрон-фононных взаимодействий и периодически изменяющихся во времени управляющих полей?",-2.4804165363311768,-0.010600070668081952,-8.731249809265137,-7.485795497894287,-6.541015625,-5.546875,-4.773726940155029,-4.039417743682861,-3.5657894611358643,-3.093661308288574,-2.7829439640045166,-2.4800565242767334,-2.1624999046325684,-1.561079502105713,-1.22186279296875,-0.884063720703125,-0.6991170048713684,-0.533445417881012,-0.425323486328125,-0.3149011731147766,-0.23226617276668549,-0.13398770987987518
"Каким образом анизотропные конвективные процессы в мантии влияют на временную эволюцию частоты геомагнитных инверсий Земли, и как можно подтвердить результаты сопряженных магнитогидродинамических и термоупругих моделирований на основе палеомагнитных данных?",-2.380388021469116,-0.0091906873415796,-8.254464149475098,-7.080357074737549,-6.3348212242126465,-5.4734930992126465,-4.572699546813965,-3.9318222999572754,-3.4201953411102295,-3.0063798427581787,-2.678408145904541,-2.381023406982422,-2.3604910373687744,-1.63671875,-1.2643693685531616,-0.9556688666343689,-0.7275645136833191,-0.5888884663581848,-0.4688464403152466,-0.3586372137069702,-0.2584066390991211,-0.14370304346084595
" В контексте термохалинных циркуляционных моделей, учитывающих стохастическое атмосферное воздействие, как структура бифуркации Атлантического меридионального опрокидывающего течения реагирует на нелинейные обратные связи, обусловленные альбедо морского льда и изменчивостью потока пресной воды?",-2.490182638168335,-0.008586836683339085,-8.875,-7.695833206176758,-6.800271511077881,-5.707157135009766,-4.79567289352417,-4.171493053436279,-3.5856661796569824,-3.129236936569214,-2.7736005783081055,-2.489328145980835,-3.872767925262451,-2.363802194595337,-1.66334068775177,-1.2384899854660034,-0.9665245413780212,-0.7965379953384399,-0.6448951959609985,-0.5161309838294983,-0.3943934738636017,-0.2616952657699585
" Какие взаимосвязанные динамические и термохимические процессы регулируют зарождение мантийных плюмов под экзопланетами с неподвижной литосферной плитой, и как изменения теплового потока между ядром и мантией, а также содержания летучих веществ влияют на тектонику поверхности и эволюцию атмосферы?",-2.689858913421631,-0.009307470288656161,-9.522321701049805,-7.979910850524902,-6.857954502105713,-5.9380388259887695,-5.130278587341309,-4.461381435394287,-3.8940045833587646,-3.3716979026794434,-3.0153868198394775,-2.6897146701812744,-3.109375,-2.2109375,-1.6693004369735718,-1.3326542377471924,-1.0399763584136963,-0.8592668175697327,-0.7220363020896912,-0.5900692939758301,-0.47386401891708374,-0.3347448408603668
"Как изменения плотности растворителя, температурных градиентов и коэффициентов диффузии в порах в системе экстракции лигноцеллюлозной биомассы под высоким давлением сверхкритического CO₂ синергетически влияют на селективность и выход целевых фенольных мономеров?",-2.422926902770996,-0.008973803343596282,-8.708333015441895,-7.4609375,-6.451388835906982,-5.588541507720947,-4.624495983123779,-3.9781460762023926,-3.475018262863159,-3.0630083084106445,-2.73068904876709,-2.422510862350464,-1.91015625,-1.4879556894302368,-1.1050889492034912,-0.8234812617301941,-0.6171914339065552,-0.48630502820014954,-0.37502554059028625,-0.27345991134643555,-0.17963644862174988,-0.06661298125982285
" Как нелинейная взаимосвязь между вызванными аэрозолями микрофизическими изменениями облаков и обратной связью поглощения углерода океаном изменяет прогнозируемую переходную климатическую чувствительность в условиях сценариев с высокими выбросами, учитывая стохастическую изменчивость морских биогеохимических циклов?",-2.5083465576171875,-0.008389118921796614,-8.875,-7.540441036224365,-6.601250171661377,-5.613970756530762,-4.774345874786377,-4.162683963775635,-3.5882160663604736,-3.1707565784454346,-2.8009564876556396,-2.5078330039978027,-1.9248046875,-1.351332664489746,-0.9783008098602295,-0.713104248046875,-0.5503369569778442,-0.4446028172969818,-0.3415517210960388,-0.2554994523525238,-0.16681383550167084,-0.06655316054821014
" Какие новые алгоритмы, основанные на теории графов и используемые в мультиомиксных исследованиях отдельных клеток, могут помочь выявить причинно-следственные регуляторные сети, отражающие стохастические всплески экспрессии генов с учетом пространственной архитектуры тканей и петель обратной связи межклеточной сигнализации?",-2.7340331077575684,-0.00881946163792764,-10.553571701049805,-8.662946701049805,-7.348214149475098,-6.2566962242126465,-5.370759010314941,-4.5888671875,-3.9536430835723877,-3.4638235569000244,-3.081041097640991,-2.7344295978546143,-3.927455425262451,-2.4048550128936768,-1.7377697229385376,-1.3231680393218994,-1.043188452720642,-0.8473859429359436,-0.7008605003356934,-0.5777130126953125,-0.4586801826953888,-0.3097817897796631
"Каким образом одновременное получение высокоразрешенных вертикальных профилей следовых газов, микрофизики аэрозолей и изотопного состава с помощью спутниковой спектроскопии с края атмосферы может ограничить взаимосвязанные обратные связи фотохимии и динамики, которые определяют восстановление стратосферного озона при различных амплитудах солнечного цикла?",-2.8283584117889404,-0.008675946048432333,-10.4140625,-8.41911792755127,-7.222355842590332,-6.205803394317627,-5.327237129211426,-4.66579008102417,-4.052894592285156,-3.554185152053833,-3.1515254974365234,-2.8293874263763428,-2.2060546875,-1.5225183963775635,-1.103590726852417,-0.8247706890106201,-0.6388723254203796,-0.5116254091262817,-0.3820285499095917,-0.26940613985061646,-0.1700829565525055,-0.06706133484840393
 Как взаимосвязь между анизотропией сети подземных трещин и эпизодическими экстремальными осадками в засушливых водосборных бассейнах влияет на пространственно-временную эволюцию предпочтительных путей стока и скорости пополнения грунтовых вод?,-2.2222166061401367,-0.008888866424560547,-9.5625,-8.103364944458008,-6.59765625,-5.461388111114502,-4.44081449508667,-3.7016358375549316,-3.22829270362854,-2.8061201572418213,-2.4800333976745605,-2.2213900089263916,-1.9296875,-1.310697078704834,-0.8580490350723267,-0.6424126029014587,-0.4799388647079468,-0.3635520935058594,-0.28044527769088745,-0.19804123044013977,-0.11344553530216217,-0.01548061054199934
 Каким образом аллостерическая регуляция комплекса пируватдегидрогеназы интегрирует поток митохондриального ацетил-КоА с ядерными эпигенетическими модификациями во время клеточной дифференциации в условиях гипоксического стресса?,-1.9560831785202026,-0.008116527711702086,-8.567708015441895,-6.865384578704834,-5.767269611358643,-4.6875,-3.8416786193847656,-3.288311243057251,-2.7997939586639404,-2.481163501739502,-2.18757963180542,-1.9555636644363403,-2.32421875,-1.752103328704834,-1.291015625,-0.9381760954856873,-0.7236180305480957,-0.5864382982254028,-0.461064875125885,-0.3700420558452606,-0.2674788236618042,-0.15163351595401764
" Как взаимодействие между истощением стратосферного озона и радиационным воздействием, вызванным аэрозолями, влияет на вертикальное распределение тропосферных гидроксильных радикалов, и каковы последствия для времени жизни метана при будущих сценариях выбросов?",-2.0563416481018066,-0.007970316465510878,-8.072916984558105,-6.646634578704834,-5.6875,-4.708533763885498,-3.9446022510528564,-3.4101061820983887,-2.9342517852783203,-2.607102632522583,-2.299880266189575,-2.0560715198516846,-1.7122396230697632,-1.193359375,-0.8577254414558411,-0.6145641803741455,-0.46000996232032776,-0.36287200450897217,-0.26075610518455505,-0.1778218150138855,-0.089324951171875,0.008276274427771568
Как взаимодействие между эпистатической топологией сети и колеблющимся селективным давлением формирует распределение вероятностей адаптивных смещений пиков в многомерных ландшафтах приспособленности в эволюционных временных масштабах?,-3.0152716636657715,-0.0124598002630817,-10.012499809265137,-8.446874618530273,-7.322916507720947,-6.546093940734863,-5.680624961853027,-4.997656345367432,-4.366908550262451,-3.8387818336486816,-3.4181478023529053,-3.016773223876953,-3.065624952316284,-2.292187452316284,-1.8067708015441895,-1.428277611732483,-1.1322314739227295,-0.9171915650367737,-0.7483851909637451,-0.6083526611328125,-0.4764783978462219,-0.3203914761543274
" В контексте непертурбативной квантовой хромодинамики, как можно согласовать расчеты структуры адронов в рамках решеточной калибровочной теории с экспериментальными данными глубоконеупругого рассеяния, чтобы ограничить функции распределения партонов тяжелых кварков при низких долях импульса?",-2.3730740547180176,-0.00807168045822455,-8.977678298950195,-7.508333206176758,-6.2890625,-5.295312404632568,-4.626055717468262,-3.9050347805023193,-3.409029483795166,-2.9625446796417236,-2.655670642852783,-2.3726065158843994,-2.525669574737549,-1.5983072519302368,-1.1124156713485718,-0.7986002564430237,-0.6185863614082336,-0.4694444537162781,-0.3603891134262085,-0.2535807192325592,-0.1597481369972229,-0.028593750670552254
" Каким образом эпистатические взаимодействия между регуляторными некодирующими РНК и белками, ремоделирующими хроматин, могут приводить к быстрым фенотипическим изменениям во время адаптивной радиации, и как эти изменения можно количественно смоделировать с использованием популяционно-геномных временных рядов?",-1.9864604473114014,-0.006621534824371338,-8.04296875,-6.615234375,-5.475260257720947,-4.538818359375,-3.85791015625,-3.2898762226104736,-2.8343331813812256,-2.483530044555664,-2.208338737487793,-1.9875049591064453,-1.787109375,-1.15289306640625,-0.7831395268440247,-0.5740642547607422,-0.4392806887626648,-0.33813348412513733,-0.25439342856407166,-0.1698598861694336,-0.08797115832567215,0.0035408020485192537
" Какие новые статистические модели могут совместно моделировать карты дальних хроматиновых контактов и аллель-специфическую экспрессию в отдельных клетках для выявления причинных регуляторных вариантов, влияющих на трехмерную архитектуру генома в различных линиях развития?",-2.9903807640075684,-0.01137026906466756,-9.958333015441895,-8.388020515441895,-7.21961784362793,-6.263671875,-5.559374809265137,-4.918185710906982,-4.31640625,-3.7953388690948486,-3.375633478164673,-2.9886484146118164,-2.5690104961395264,-2.0032551288604736,-1.6157768964767456,-1.260943055152893,-0.997271716594696,-0.8140784502029419,-0.6676011085510254,-0.529870331287384,-0.40241947770118713,-0.26319459080696106
"В контексте проектирования высокоэнтропийных сплавов, как можно интегрировать межатомные потенциалы, полученные с помощью машинного обучения, с методами термодинамического интегрирования для прогнозирования температурно-зависимой фазовой стабильности и возникающей механической анизотропии в системах с несколькими основными элементами?",-2.1267552375793457,-0.006995905386774163,-8.196428298950195,-6.802083492279053,-5.742527008056641,-4.873487949371338,-4.136518478393555,-3.5738365650177,-3.0682146549224854,-2.6748032569885254,-2.3693337440490723,-2.1263251304626465,-1.9654017686843872,-1.208984375,-0.8165654540061951,-0.5973294377326965,-0.46156662702560425,-0.37149977684020996,-0.27946189045906067,-0.19359761476516724,-0.11552909016609192,-0.017942771315574646
" Каковы термодинамические ограничения и кинетические механизмы, управляющие неравновесной самосборкой синтетических протоячеек в условиях флуктуирующего окислительно-восстановительного градиента, и как они влияют на устойчивость возникающей метаболической сети при стохастических возмущениях?",-2.0226821899414062,-0.007409092270847642,-8.578125,-6.919921875,-5.685546875,-4.810302734375,-4.016894340515137,-3.3933308124542236,-2.9214084148406982,-2.559121608734131,-2.275639533996582,-2.0227906703948975,-2.1416015625,-1.469970703125,-1.0186386108398438,-0.7531719207763672,-0.5868393182754517,-0.46688714623451233,-0.36939239501953125,-0.28412532806396484,-0.20342932641506195,-0.09746862202882767
" Как аллостерическая модуляция третичных контактов рибосомальной РНК влияет на кинетический путь образования пептидной связи при различных внутриклеточных концентрациях магния, и каковы последствия этого для точности трансляции у экстремофильных архей?",-2.37111496925354,-0.00922612828503323,-8.583333015441895,-7.161458492279053,-5.931743621826172,-5.136250019073486,-4.400390625,-3.8679070472717285,-3.4012339115142822,-2.964326858520508,-2.659575939178467,-2.369049549102783,-1.5625,-1.1927083730697632,-0.9443873167037964,-0.7730078101158142,-0.5922355651855469,-0.47287148237228394,-0.3615584075450897,-0.25092628598213196,-0.16180741786956787,-0.04675865173339844
 Каким образом взаимодействие между фазово-разделенными безмембранными органеллами и комплексами ремоделирования хроматина влияет на стохастический шум экспрессии генов на ранних стадиях принятия решений о судьбе эмбриональных клеток?,-2.2474324703216553,-0.009482837427517533,-9.614583015441895,-7.4609375,-6.0847039222717285,-5.129687309265137,-4.307861328125,-3.724557876586914,-3.2561256885528564,-2.816913604736328,-2.522700309753418,-2.2471446990966797,-2.3854167461395264,-1.6346029043197632,-1.0472861528396606,-0.7745507955551147,-0.5695953369140625,-0.44057103991508484,-0.33304110169410706,-0.2296166568994522,-0.15021073818206787,-0.04131317138671875
"Как взаимодействие механизмов обратной связи между растениями и почвой, а также микроклиматическая изменчивость влияют на скорость поглощения углерода в неоднородных лесных ландшафтах умеренного пояса в рамках прогнозируемых климатических сценариев на 2100 год?",-2.0866191387176514,-0.007964195185945233,-9.666666984558105,-7.26682710647583,-5.964062690734863,-4.868344783782959,-4.095818042755127,-3.5243163108825684,-3.0140769481658936,-2.6272058486938477,-2.326233386993408,-2.08676815032959,-2.1822917461395264,-1.398587703704834,-0.943585216999054,-0.6875949501991272,-0.5313541293144226,-0.42865294218063354,-0.326745867729187,-0.23997440934181213,-0.16079062223434448,-0.07846428453922272
" Как можно сформулировать формулу совместной инверсии данных сейсмической анизотропии, магнитотеллурических и гравиметрических измерений для одновременного разрешения трехмерных распределений температуры, состава и насыщенности флюидами литосферы с учетом нелинейной связи и количественной оценки неопределенности?",-2.4143118858337402,-0.008354020366206714,-8.401785850524902,-6.981249809265137,-5.97554349899292,-5.16481876373291,-4.481369972229004,-3.9156415462493896,-3.4306108951568604,-3.0249412059783936,-2.686063528060913,-2.4143526554107666,-1.5887277126312256,-1.0942708253860474,-0.8267238736152649,-0.6140825748443604,-0.4728800356388092,-0.36172160506248474,-0.2511174976825714,-0.1586826890707016,-0.07159079611301422,0.02644212916493416
" Как стохастическая изменчивость инфильтрационной способности водосборного бассейна, модулируемая климатически обусловленным гистерезисом влажности почвы, влияет на показатель масштабирования степенного распределения величин паводковых событий в рамках вложенных речных бассейнов?",-2.8386056423187256,-0.01028480305187944,-8.677083015441895,-7.48317289352417,-6.745065689086914,-5.9609375,-5.172821998596191,-4.585737228393555,-4.0208048820495605,-3.598463773727417,-3.1747820377349854,-2.838416337966919,-1.7252603769302368,-1.276141881942749,-1.054481863975525,-0.8332707285881042,-0.6543523669242859,-0.5385335087776184,-0.42893120646476746,-0.3404141962528229,-0.23981022834777832,-0.12755052745342255
" Каким образом эпигенетическое наследование модулирует динамику адаптивной радиации в быстро диверсифицирующихся линиях цихлид, и какие геномные признаки отличают вызванные отбором эпигенетические изменения от нейтрального дрейфа в градиентах микросреды обитания?",-2.418342351913452,-0.009265679509246944,-9.754464149475098,-7.804166793823242,-6.6867899894714355,-5.489583492279053,-4.640625,-4.034331798553467,-3.457012891769409,-3.060986280441284,-2.703371047973633,-2.4191126823425293,-2.193080425262451,-1.5009114742279053,-1.119184970855713,-0.8207377195358276,-0.6256183981895447,-0.5020846724510193,-0.3901286721229553,-0.3044118285179138,-0.21494518220424652,-0.11722685396671295
"Каковы квантовые многочастичные механизмы, управляющие возникновением высокотемпературной сверхпроводимости в богатых водородом клатратных гидратах при мегабарных давлениях, и как взаимодействуют электрон-фононное взаимодействие и ангармоничность решетки?",-2.187422275543213,-0.008645937847996889,-8.765625,-7.317307472229004,-5.970394611358643,-4.928184986114502,-4.2371826171875,-3.5897436141967773,-3.1454427242279053,-2.733299732208252,-2.4513487815856934,-2.187357187271118,-1.8463541269302368,-1.2818509340286255,-0.9794408082962036,-0.7115208506584167,-0.5660333633422852,-0.4333629012107849,-0.3255811929702759,-0.21962855756282806,-0.13999833166599274,-0.048779767006635666
 Как можно использовать многомерную дисперсию релаксации ЯМР в сочетании с байесовским выводом для количественной оценки переходных конформационных состояний с низкой плотностью в белках с внутренней неупорядоченной структурой в физиологических условиях?,-2.5077507495880127,-0.009535173952806132,-8.21875,-7.299479007720947,-6.38368034362793,-5.599374771118164,-4.881552219390869,-4.199957847595215,-3.5780141353607178,-3.158198356628418,-2.820788860321045,-2.5073678493499756,-3.30078125,-2.0826823711395264,-1.5668402910232544,-1.1453710794448853,-0.9140467643737793,-0.7463576793670654,-0.5872469544410706,-0.47044920921325684,-0.3631591796875,-0.247163325548172
" Каким образом горизонтальный перенос генов, опосредованный бактериофагами, влияет на динамику коэволюции микробных сообществ в глубоководных гидротермальных экосистемах в условиях колеблющихся окислительно-восстановительных градиентов?",-1.8606947660446167,-0.007818045235481583,-7.505208492279053,-6.146634578704834,-5.196093559265137,-4.372974395751953,-3.702895164489746,-3.1111137866973877,-2.6702373027801514,-2.3327808380126953,-2.070155382156372,-1.8601397275924683,-1.6595052480697632,-1.017803430557251,-0.6732422113418579,-0.48458296060562134,-0.36630427837371826,-0.27970775961875916,-0.2016855925321579,-0.13311877846717834,-0.06856807321310043,0.013456040993332863
" В контексте адаптивного иммунитета, каковы механистические ограничения специфичности соматической гипермутации, направленной на зародышевые центры, которые позволяют согласовать диверсификацию высокоаффинных антител с предотвращением аутореактивности, учитывая доступность хроматина и пути репарации ДНК?",-2.675224542617798,-0.008858359412641714,-9.4375,-8.347916603088379,-7.25,-6.0411458015441895,-5.088815689086914,-4.425086975097656,-3.8176960945129395,-3.383544921875,-2.9890849590301514,-2.6749565601348877,-2.1450893878936768,-1.6567708253860474,-1.2665127515792847,-0.9206319451332092,-0.707489013671875,-0.5708509683609009,-0.44700419902801514,-0.3511037230491638,-0.24212735891342163,-0.1340436488389969
"Как в сильно коррелированной электронной системе вблизи квантовой критической точки проявляются конкурирующие порядки спиновой плотности и зарядовой плотности в анизотропной перенормировке эффективной массы квазичастиц, наблюдаемой с помощью угловой фотоэмиссионной спектроскопии?",-2.280320405960083,-0.008604982664000314,-8.28125,-7.040865421295166,-6.0625,-5.259615421295166,-4.429924011230469,-3.762500047683716,-3.3058762550354004,-2.879532814025879,-2.5462889671325684,-2.280839681625366,-1.51171875,-1.051983118057251,-0.790356457233429,-0.6022104024887085,-0.46019768714904785,-0.35655516386032104,-0.28525179624557495,-0.21113097667694092,-0.13737793266773224,-0.04892286658287048
" Как включение иерархического байесовского априорного распределения для спектра кинетической энергии в модель улучшает ее способность к обобщению в различных режимах стратификации при обучении нейронной сети, основанной на физических принципах, для вывода динамики океанических вихрей субмезомасштабного уровня на основе разреженных спутниковых данных альтиметрии?",-2.7441999912261963,-0.008315757549170293,-9.86111068725586,-8.074652671813965,-6.887731552124023,-5.966145992279053,-5.09663724899292,-4.459517002105713,-3.916473388671875,-3.4536733627319336,-3.0780744552612305,-2.7441771030426025,-2.1328125,-1.4702690839767456,-1.0793547630310059,-0.8088972568511963,-0.612457275390625,-0.48510631918907166,-0.3759946823120117,-0.280489981174469,-0.18575157225131989,-0.07461348921060562
" Каким образом горизонтальный перенос генов, опосредованный бактериофагами, влияет на адаптивные стратегии уклонения от иммунного ответа морских цианобактерий в условиях колеблющегося дефицита железа и давления со стороны вирусных хищников?",-2.4901740550994873,-0.010163975735099948,-8.729166984558105,-7.419270992279053,-6.470486164093018,-5.568124771118164,-4.8596272468566895,-4.197265625,-3.557284355163574,-3.134995222091675,-2.800487995147705,-2.4893226623535156,-2.6106770038604736,-1.6678060293197632,-1.1797281503677368,-0.8391943573951721,-0.658301591873169,-0.5275318026542664,-0.40112581849098206,-0.3093579113483429,-0.2251521497964859,-0.1089894101023674
Каким образом взаимодействие между видоспецифическими функциональными признаками и пространственно неоднородным распределением ресурсов влияет на возникающую стабильность экосистемы в условиях случайных климатических возмущений на нескольких трофических уровнях?,-2.040567398071289,-0.00787863860259185,-8.418749809265137,-6.7897725105285645,-5.700367450714111,-4.70889949798584,-3.9773707389831543,-3.4657771587371826,-2.9578216075897217,-2.5732016563415527,-2.2765932083129883,-2.041083574295044,-1.7453124523162842,-1.090376377105713,-0.7266630530357361,-0.5288723111152649,-0.4063931107521057,-0.3342931270599365,-0.2587951719760895,-0.18572202324867249,-0.10179255902767181,0.014004411175847054
" В контексте глубоких генеративных моделей для проектирования белков, как можно обучить эквивариантные графовые нейронные сети для одновременной оптимизации термодинамической стабильности, каталитической активности и иммуногенности с учетом ограничений квантово-механического распределения электронной плотности?",-2.0563600063323975,-0.007090896573559991,-8.566964149475098,-7.118750095367432,-5.7873640060424805,-4.792086601257324,-4.004006385803223,-3.4661176204681396,-2.965811252593994,-2.5872035026550293,-2.2921900749206543,-2.057093620300293,-3.111049175262451,-1.8731770515441895,-1.3240488767623901,-0.9850050210952759,-0.7729147672653198,-0.6391521692276001,-0.5158714056015015,-0.41161519289016724,-0.31214600801467896,-0.18633094429969788
" Как можно расширить иерархические байесовские модели для совместной оценки изменяющихся во времени функций риска и пространственно коррелированных случайных эффектов в многоцентровых исследованиях выживаемости с конкурирующими рисками, обеспечивая при этом идентифицируемость и вычислительную масштабируемость?",-2.3738458156585693,-0.007992746854069257,-9.25,-7.636160850524902,-6.463541507720947,-5.46484375,-4.648883819580078,-3.975632429122925,-3.430385112762451,-3.0063650608062744,-2.673556327819824,-2.3723106384277344,-1.8805803060531616,-1.3897879123687744,-1.0252394676208496,-0.7630462646484375,-0.5964512228965759,-0.4731401801109314,-0.3739200532436371,-0.28201404213905334,-0.192209392786026,-0.07350093871355057
 Как взаимосвязь между конвективными процессами в мантии и динамо-процессами в ядре влияет на временную изменчивость инверсий магнитного поля планет на экзопланетах землеподобного типа с неоднородной литосферой?,-2.320718765258789,-0.01089539326412577,-9.09375,-7.591145992279053,-6.441840171813965,-5.435872554779053,-4.491179466247559,-3.8550992012023926,-3.33809494972229,-2.934934139251709,-2.616870164871216,-2.322293758392334,-3.9479167461395264,-2.3330078125,-1.6876084804534912,-1.2801347970962524,-0.969902753829956,-0.7892892956733704,-0.6497909426689148,-0.5305244326591492,-0.4204118251800537,-0.29627007246017456
Каким образом аллостерическая модуляция внутренне неупорядоченных участков белка влияет на кинетическое распределение между конкурирующими путями посттрансляционной модификации в условиях клеточного стресса?,-2.111302137374878,-0.009467722589125014,-8.324999809265137,-6.790625095367432,-5.73828125,-4.930431365966797,-4.107349395751953,-3.53662109375,-3.0782833099365234,-2.651627540588379,-2.3755786418914795,-2.1116254329681396,-2.112499952316284,-1.500390648841858,-1.039093017578125,-0.7870977520942688,-0.6020779013633728,-0.49636077880859375,-0.4070352017879486,-0.30213820934295654,-0.2189890593290329,-0.1096598282456398
" Как изменяется масштабирование энтропии запутанности в двумерном топологическом квантовом коде коррекции ошибок при воздействии коррелированного немарковского шума с пространственно изменяющейся спектральной плотностью, и каковы последствия для порогов отказоустойчивости?",-2.560945749282837,-0.009663946223708818,-10.083333015441895,-8.2421875,-6.914473533630371,-5.956250190734863,-4.9619140625,-4.265162467956543,-3.7155096530914307,-3.2135822772979736,-2.876265048980713,-2.561673641204834,-2.5247395038604736,-1.5758463144302368,-1.112818717956543,-0.8506567478179932,-0.6530475616455078,-0.5345796346664429,-0.4368910491466522,-0.32342529296875,-0.23465876281261444,-0.12201786041259766
" Как изменяется масштабирование энтропии запутанности в двумерной модели Хаббарда с дальнодействующими кулоновскими взаимодействиями при квантовом шоке, и какие последствия это имеет для моделирования неравновесной динамики на современных квантовых процессорах?",-1.9866942167282104,-0.007760524284094572,-8.307291984558105,-7.044270992279053,-5.6414475440979,-4.671875,-3.8486328125,-3.3048417568206787,-2.877774238586426,-2.490473747253418,-2.230219841003418,-1.9865326881408691,-1.3033853769302368,-0.864990234375,-0.5421736836433411,-0.38865357637405396,-0.2695474624633789,-0.18859301507472992,-0.1148022711277008,-0.041600245982408524,0.017294900491833687,0.10396528244018555
 Каким образом взаимодействие между субмезомасштабной турбулентностью и градиентами биогеохимических трассеров влияет на эффективность секвестрации углерода в перемешанном слое Южного океана при различных режимах ветрового воздействия?,-2.4571621417999268,-0.009948024865586748,-8.449999809265137,-6.920454502105713,-6.008272171020508,-5.2493205070495605,-4.608566761016846,-4.025892734527588,-3.5129573345184326,-3.0829663276672363,-2.736572265625,-2.4588043689727783,-1.9296875,-1.321732997894287,-1.0244715213775635,-0.74141526222229,-0.5609278082847595,-0.43424421548843384,-0.3176284432411194,-0.21104788780212402,-0.11043102294206619,-0.002471406478434801
Как включение филогенетической ковариации наряду с априорными распределениями Дирихле-мультиномиального распределения с нулевой инфляцией в байесовские иерархические модели для продольных временных рядов микробиома улучшает вывод о динамике переходных таксонов при воздействии антибиотиков?,-2.47597074508667,-0.008938522545439241,-9.51171875,-7.732421875,-6.580729007720947,-5.595703125,-4.790234565734863,-4.118123531341553,-3.566929340362549,-3.1311187744140625,-2.78641939163208,-2.477201461791992,-1.9716796875,-1.42578125,-1.04534912109375,-0.7738542556762695,-0.5962074398994446,-0.4651012420654297,-0.3566311299800873,-0.26163721084594727,-0.16659419238567352,-0.040010806173086166
" Каковы механистические последствия фазово-разделенных транскрипционных конденсатов для точности образования петель между энхансером и промотором во время переходов клеточной судьбы, и как CRISPR-основанная прижизненная визуализация клеток может количественно оценить опосредованное конденсатом ремоделирование хроматина?",-2.6937344074249268,-0.008919650355711678,-9.421875,-8.01838207244873,-6.995192527770996,-5.955803394317627,-5.1315693855285645,-4.4332990646362305,-3.8422694206237793,-3.3714101314544678,-2.9955811500549316,-2.6931817531585693,-2.40234375,-1.8304227590560913,-1.43359375,-1.108663558959961,-0.8674205541610718,-0.6954322457313538,-0.5597829222679138,-0.44712120294570923,-0.34462279081344604,-0.23296502232551575
 Как в моделировании катализаторов на основе переходных металлов с использованием теории функционала плотности можно строго количественно оценить распространение ошибок от выбора обменно-корреляционного функционала к прогнозируемым активационным барьерам для многоэлектронных этапов переноса при электрокаталитическом восстановлении CO₂?,-2.7414169311523438,-0.008843280423072076,-9.196428298950195,-7.707589149475098,-6.745535850524902,-5.928879261016846,-5.214626789093018,-4.550508499145508,-3.905302047729492,-3.4462385177612305,-3.080014228820801,-2.7426917552948,-2.03125,-1.4305245876312256,-1.0880300998687744,-0.7880964875221252,-0.6172230839729309,-0.4820428788661957,-0.36089369654655457,-0.2719442546367645,-0.18770000338554382,-0.058878857642412186
"Каковы термодинамические ограничения и пороговые значения коррекции ошибок для реализации отказоустойчивых логических кубитов с использованием топологических кодов в шумных квантовых процессорах промежуточного масштаба, работающих при криогенных температурах?",-2.254020929336548,-0.008980163065085848,-9.21875,-7.859375,-6.464409828186035,-5.406900882720947,-4.478580951690674,-3.7907986640930176,-3.2686359882354736,-2.8638992309570312,-2.5464086532592773,-2.254197835922241,-2.3255207538604736,-1.6458333730697632,-1.2226020097732544,-0.911346435546875,-0.7165445685386658,-0.5753377079963684,-0.4571998119354248,-0.3521575927734375,-0.25993290543556213,-0.14698466658592224
" Как субмезомасштабная турбулентность модулирует потоки питательных веществ и структуру сообщества фитопланктона в пределах термоклина в Южном океане, учитывая переменное ветровое напряжение, глубину перемешанного слоя и биогеохимические обратные связи?",-2.855833053588867,-0.01085868081212497,-8.302083015441895,-7.502403736114502,-6.818749904632568,-6.277043342590332,-5.432291507720947,-4.682421684265137,-4.1369524002075195,-3.6032299995422363,-3.187577247619629,-2.8554742336273193,-3.2434895038604736,-1.9068509340286255,-1.361328125,-1.042208194732666,-0.8000340461730957,-0.6304382085800171,-0.5211181640625,-0.4123811423778534,-0.3175903260707855,-0.21059861779212952
" Рассматривая сопряженную модель общей циркуляции океана и атмосферы с интерактивными обратными связями углеродного цикла, как включение нелинейной динамики ледового альбедо влияет на структуру бифуркаций системы при возрастающем антропогенном воздействии CO2?",-2.4538605213165283,-0.009021546034251942,-9.120535850524902,-7.9308037757873535,-6.601190567016602,-5.611049175262451,-4.746428489685059,-4.042271137237549,-3.497159957885742,-3.067412853240967,-2.727083206176758,-2.4543750286102295,-1.8180803060531616,-1.3962053060531616,-1.0537574291229248,-0.7859442830085754,-0.6191083788871765,-0.5002405047416687,-0.39342203736305237,-0.2967066168785095,-0.2046184241771698,-0.10474810004234314
" Как включение многомерных калибровочных симметрий в компактификации теории струн изменяет поток ренормализационной группы низкоэнергетических эффективных констант связи, и какие наблюдаемые признаки могут помочь различить эти эффекты в данных, полученных на прецизионных коллайдерах?",-2.4642763137817383,-0.00867702927387936,-8.9375,-7.692307472229004,-6.418749809265137,-5.365740776062012,-4.632352828979492,-4.0869140625,-3.544090747833252,-3.1008481979370117,-2.7471582889556885,-2.464477062225342,-1.7721353769302368,-1.3245192766189575,-0.9312164187431335,-0.6782520413398743,-0.518104076385498,-0.4111892580986023,-0.3122155964374542,-0.22309592366218567,-0.13922119140625,-0.03717130795121193
"Каковы механизмы, посредством которых вызванные мезомасштабными вихрями потоки питательных веществ в океане взаимодействуют с метаболическими сетями морских микробных сообществ, влияя на эффективность секвестрации углерода в высокоширотных полярных бассейнах?",-2.224135160446167,-0.008489065497886134,-7.8973212242126465,-6.8839287757873535,-5.973958492279053,-5.146763324737549,-4.337276935577393,-3.6659226417541504,-3.1648497581481934,-2.77850341796875,-2.4714975357055664,-2.2243478298187256,-2.724330425262451,-1.6830357313156128,-1.1955667734146118,-0.8888953328132629,-0.6951145529747009,-0.5452452301979065,-0.42410528659820557,-0.3240776062011719,-0.2361406534910202,-0.12134356051683426
" Учитывая эпигенетическую регуляцию горячих точек V(D)J-рекомбинации, как редактирование эпигенома на основе CRISPR может изменить разнообразие антигенных рецепторов без нарушения архитектуры хроматиновых петель, и какие вычислительные модели могут предсказать нецелевые эффекты?",-2.3201944828033447,-0.008112568121690016,-9.09375,-7.353365421295166,-6.084374904632568,-5.087963104248047,-4.353170871734619,-3.83642578125,-3.329122304916382,-2.91845703125,-2.5853230953216553,-2.3191869258880615,-2.6263020038604736,-1.6920071840286255,-1.165226697921753,-0.8522169589996338,-0.657214879989624,-0.5220848321914673,-0.3888919949531555,-0.27380993962287903,-0.16772210597991943,-0.05498325079679489
" Как стохастическая пространственная неоднородность в реакционно-диффузионных моделях взаимодействия опухоли и иммунной системы изменяет структуру бифуркаций равновесий сосуществования, и какие последствия это имеет для стратегий оптимального управления в персонализированной иммунотерапии?",-2.125877857208252,-0.0075924209186009,-8.901041984558105,-7.8125,-6.22265625,-5.19651460647583,-4.22520112991333,-3.533935546875,-3.0896315574645996,-2.6863300800323486,-2.3739593029022217,-2.1259336471557617,-1.8515625,-1.2767428159713745,-0.867382824420929,-0.6581467986106873,-0.49823182821273804,-0.37996214628219604,-0.29099971055984497,-0.19813624024391174,-0.1155802384018898,-0.025029879063367844
" Каковы механизмы, посредством которых мезомасштабные вихревые потоки питательных веществ изменяют геномную пластичность микробных сообществ, тем самым влияя на эффективность секвестрации углерода в Южном океане в условиях прогнозируемого потепления?",-2.338371992111206,-0.009063457333764364,-8.161458015441895,-7.026442527770996,-6.220394611358643,-5.220252513885498,-4.451231002807617,-3.8815104961395264,-3.3460640907287598,-2.965369701385498,-2.614992380142212,-2.3377625942230225,-2.15625,-1.46484375,-1.0902549028396606,-0.7949241995811462,-0.6085334420204163,-0.49227669835090637,-0.38031935691833496,-0.28467851877212524,-0.18482790887355804,-0.06644416600465775
Каким образом взаимодействие между разнообразием изоформ синаптических везикул и зависимыми от активности кальциевыми микродоменами модулирует пороги долговременной потенциации в различных субрегионах гиппокампа in vivo?,-2.933187246322632,-0.012808677931539877,-9.324999809265137,-8.136363983154297,-7.3671875,-6.579545497894287,-5.591238975524902,-4.882930755615234,-4.179487228393555,-3.7255194187164307,-3.285414934158325,-2.9339611530303955,-3.4468750953674316,-2.393465995788574,-1.9046630859375,-1.4449406862258911,-1.1216909885406494,-0.9231215715408325,-0.7371575832366943,-0.6103765368461609,-0.47724854946136475,-0.3364105224609375
 Каким образом взаимодействие между ремоделированием наноструктуры дендритных шипиков и зависимыми от активности транскрипционными программами модулирует пороги синаптической интеграции в кортикальных пирамидальных нейронах в период критической пластичности?,-3.116147041320801,-0.012565109037583875,-9.541666984558105,-8.411458015441895,-7.567708492279053,-6.703125,-5.833593845367432,-5.081597328186035,-4.468192100524902,-3.9513957500457764,-3.5196850299835205,-3.1157867908477783,-2.08984375,-1.6988931894302368,-1.3377821445465088,-1.044146180152893,-0.8269673585891724,-0.6655188798904419,-0.528661847114563,-0.4113502502441406,-0.30777430534362793,-0.18133144080638885
" Как включение зависящих от масштаба анизотропных тензоров проницаемости в стохастические модели дифференциальных уравнений гидродинамики пойм рек влияет на прогнозируемое распределение вероятности экстремальных событий расхода воды при изменчивости осадков, вызванной изменением климата?",-2.8438429832458496,-0.009943506934426048,-10.830357551574707,-8.828125,-7.394345283508301,-6.309151649475098,-5.36219596862793,-4.67341947555542,-4.07589864730835,-3.591844081878662,-3.2009167671203613,-2.84558367729187,-4.6886162757873535,-2.8803012371063232,-2.0807292461395264,-1.5604966878890991,-1.2004072666168213,-0.9820769429206848,-0.8081213235855103,-0.6581999063491821,-0.5216341018676758,-0.36851418018341064
" Как интеграция мультиомиксных данных временных рядов со стохастическими моделями дифференциальных уравнений позволяет выявить возникающие петли обратной связи, управляющие принятием клеточных решений во время эпителиально-мезенхимального перехода в условиях колеблющихся микросредовых стрессов?",-2.636082649230957,-0.008935873387223583,-9.4375,-8.183035850524902,-7.045386791229248,-5.8936944007873535,-4.989509105682373,-4.293201446533203,-3.734693765640259,-3.289219379425049,-2.928687572479248,-2.636484146118164,-2.0111606121063232,-1.6160714626312256,-1.3079427480697632,-1.0045121908187866,-0.7840785384178162,-0.61859130859375,-0.48653489351272583,-0.3735416829586029,-0.274931401014328,-0.16802978515625
"Какие архитектуры квантовых кодов коррекции ошибок могут быть реализованы с использованием топологически защищенных состояний в двумерных металлоорганических каркасах, и как их показатели декогеренции соотносятся с показателями обычных сверхпроводящих кубитов?",-2.2344202995300293,-0.008627105403590846,-9.493749618530273,-7.3352274894714355,-6.022058963775635,-5.101222991943359,-4.335264205932617,-3.764878273010254,-3.229687452316284,-2.8163797855377197,-2.492011547088623,-2.2342171669006348,-2.942187547683716,-1.8884943723678589,-1.2838798761367798,-0.9395207762718201,-0.727626383304596,-0.5931064486503601,-0.45682603120803833,-0.34246760606765747,-0.24112819135189056,-0.1292361617088318
" Какие термодинамические и кинетические критерии должны быть соблюдены для создания метастабильного высокоэнтропийного сплава, демонстрирующего обратимые мартенситные превращения, индуцированные напряжением, при криогенных температурах, и как с помощью синхротронной дифракции in situ можно количественно оценить связанные с этим пути искажения кристаллической решетки?",-2.0093019008636475,-0.005708244036544453,-8.64236068725586,-6.710526466369629,-5.545200824737549,-4.583059310913086,-3.9209606647491455,-3.3212718963623047,-2.886171340942383,-2.511636734008789,-2.246795177459717,-2.0102906227111816,-1.8350694179534912,-1.1653988361358643,-0.8196236491203308,-0.5909809470176697,-0.4589272439479828,-0.34605005383491516,-0.2602428197860718,-0.17532187700271606,-0.09510856866836548,0.003101870883256197
" Каковы математически строгие условия, при которых сопряженные модели общей циркуляции океана и атмосферы демонстрируют бифуркацию типа «точка перелома», приводящую к необратимым резким климатическим изменениям, и как можно количественно оценить индикаторы раннего предупреждения в различных пространственных масштабах?",-2.2800796031951904,-0.007261400010175766,-7.875,-7.025000095367432,-6.10733699798584,-5.181955814361572,-4.415364742279053,-3.8401410579681396,-3.287606716156006,-2.866011142730713,-2.5385780334472656,-2.2782111167907715,-1.9285714626312256,-1.3799479007720947,-1.01609206199646,-0.7561350464820862,-0.5923352241516113,-0.49226710200309753,-0.39840584993362427,-0.3109130859375,-0.2147216796875,-0.11227025836706161
Как можно оптимизировать гибридные квантово-механические/молекулярно-механические (КМ/ММ) симуляции для точного моделирования путей ферментативно катализируемых реакций с участием переходных металлоцентрированных промежуточных соединений при сохранении приемлемой вычислительной стоимости в миллисекундном масштабе времени?,-2.102050304412842,-0.006802751794216316,-7.91015625,-6.65625,-5.822265625,-4.8352274894714355,-4.1322407722473145,-3.53316330909729,-3.003990411758423,-2.6423168182373047,-2.3568713665008545,-2.101306915283203,-3.935546875,-2.556640625,-1.8131103515625,-1.3163729906082153,-1.0496647357940674,-0.8652966618537903,-0.705720067024231,-0.5826841592788696,-0.47284266352653503,-0.35836461186408997
" Какие возникающие топологические фазы появляются в двумерной модели Хаббарда со спин-орбитальной связью при воздействии квазипериодического потенциала, и как они проявляются в многочастичном числе Черна и спектре краевых состояний системы?",-2.4969136714935303,-0.009987654685974122,-9.213541984558105,-7.541666507720947,-6.31944465637207,-5.375650882720947,-4.672656059265137,-4.09190559387207,-3.5890066623687744,-3.1680400371551514,-2.8187413215637207,-2.495661973953247,-2.4049479961395264,-1.6201171875,-1.1808810234069824,-0.9046478271484375,-0.7112752199172974,-0.5720316767692566,-0.4557378888130188,-0.34050241112709045,-0.23488815128803253,-0.10675548762083054
 Каковы механистические последствия соматической гипермутации в сочетании с эпигенетической перестройкой для созревания аффинности рецептора B-клеток и клонального отбора во время хронической вирусной инфекции?,-2.5183207988739014,-0.011823102342130992,-8.456250190734863,-7.253125190734863,-6.246874809265137,-5.502343654632568,-4.748197078704834,-4.118195533752441,-3.608289957046509,-3.18703556060791,-2.84511399269104,-2.5183210372924805,-1.8984375,-1.312890648841858,-0.9435872435569763,-0.695281982421875,-0.5021550059318542,-0.3906998038291931,-0.2973734438419342,-0.21470977365970612,-0.1345188319683075,-0.03328528627753258
" Каким образом соматический мозаицизм вставок транспозабельных элементов в различных подтипах нейронов модулирует эпигенетические ландшафты и синаптическую пластичность, и как это может способствовать индивидуальной изменчивости когнитивной устойчивости к нейродегенерации?",-2.559617757797241,-0.009695521809838036,-9.102678298950195,-7.6316962242126465,-6.595982074737549,-5.553340435028076,-4.825737953186035,-4.227561950683594,-3.6483609676361084,-3.220319986343384,-2.8748271465301514,-2.5597777366638184,-2.5245535373687744,-1.60546875,-1.1756882667541504,-0.8510994911193848,-0.6777682900428772,-0.5484817624092102,-0.43169328570365906,-0.3308989405632019,-0.22603289783000946,-0.10783323645591736
"Каким образом можно спроектировать графовые нейронные сети таким образом, чтобы они учитывали временную динамику мультиомиксных данных и пространственную клеточную архитектуру для вывода причинно-следственных регуляторных цепей, управляющих нейроиммунной синаптической пластичностью в контексте заболеваний?",-2.458509922027588,-0.008390818846510538,-8.294642448425293,-7.2879462242126465,-6.419642925262451,-5.560267925262451,-4.7421875,-4.0906805992126465,-3.5463967323303223,-3.1128628253936768,-2.7696754932403564,-2.45792818069458,-2.1238839626312256,-1.462890625,-1.0779855251312256,-0.8175376057624817,-0.6422345638275146,-0.5146992802619934,-0.41004040837287903,-0.32118770480155945,-0.2335098534822464,-0.1016751155257225
" Как пространственная неоднородность в поступлении питательных веществ влияет на возникновение кооперативных взаимовыгодных отношений между конкурирующими видами растений, и может ли прогностическая модель интегрировать стохастическое расселение с эволюцией адаптивных признаков для прогнозирования стабильности на уровне сообщества?",-2.344618320465088,-0.007789429636096638,-8.924107551574707,-7.6316962242126465,-6.228693008422852,-5.317348957061768,-4.496199131011963,-3.8928887844085693,-3.3922526836395264,-2.938699960708618,-2.6280789375305176,-2.344172716140747,-1.3125,-1.04296875,-0.7359674572944641,-0.5499667525291443,-0.41378700733184814,-0.3283372223377228,-0.2531319558620453,-0.16547872126102448,-0.08738107234239578,0.013492893427610397
" Как взаимодействие между эпитаксиальным напряжением, упорядочением кислородных вакансий и электрон-фононным взаимодействием в слоистых перовскитных оксидах определяет возникновение сверхпроводимости, и какие прогностические дескрипторы можно вывести для проектирования материалов с более высокой температурой сверхпроводимости?",-2.296595335006714,-0.007946696660922885,-8.767857551574707,-7.141666889190674,-5.981534004211426,-5.059374809265137,-4.372888565063477,-3.7474825382232666,-3.296950101852417,-2.8670897483825684,-2.569161891937256,-2.295429229736328,-2.1183035373687744,-1.4645832777023315,-1.0607688426971436,-0.7597411870956421,-0.5909193158149719,-0.44504666328430176,-0.34021466970443726,-0.22886963188648224,-0.13738557696342468,-0.02283528633415699
"Как взаимосвязанный окислительно-восстановительный цикл железа и марганца влияет на изотопное фракционирование микроэлементов редкоземельных элементов в процессе метаморфизма в зонах субдукции, и какие термодинамические ограничения регулируют этот процесс в условиях изменяющегося давления и температуры?",-2.138045310974121,-0.007272262962497011,-8.924107551574707,-7.408482074737549,-6.148809432983398,-5.037984848022461,-4.239040851593018,-3.6070244312286377,-3.0542519092559814,-2.6886954307556152,-2.4001004695892334,-2.137075662612915,-2.4441964626312256,-1.5680803060531616,-1.0532517433166504,-0.7469314336776733,-0.5796542763710022,-0.4596969187259674,-0.34885063767433167,-0.26458740234375,-0.1820068359375,-0.06825736910104752
" Какие механизмы обеспечивают сохранение эпигенетической памяти при трансгенерационном наследовании популяций малых РНК, индуцированных стрессом, у растений, и как они взаимодействуют с комплексами ремоделирования хроматина на молекулярном уровне?",-2.203106641769409,-0.008742486673688132,-9.567708015441895,-7.466145992279053,-6.159722328186035,-5.080625057220459,-4.348160266876221,-3.7120461463928223,-3.1426002979278564,-2.7724609375,-2.4774742126464844,-2.2023227214813232,-3.46875,-2.146484375,-1.459014892578125,-1.0367993116378784,-0.8103440999984741,-0.6436487436294556,-0.4955291748046875,-0.3866516053676605,-0.28370121121406555,-0.1455940306186676
" Как в клетке млекопитающих, подвергающейся асимметричному делению, стохастические флуктуации в пространственном распределении фазово-разделенных транскрипционных конденсатов взаимодействуют с путями механотрансдукции, влияя на эпигенетическое ремоделирование, специфичное для данной клеточной линии?",-2.3120784759521484,-0.008084190475357163,-9.5703125,-7.737132549285889,-6.426081657409668,-5.408318042755127,-4.507176399230957,-3.81689453125,-3.338118553161621,-2.9136803150177,-2.578977584838867,-2.3122761249542236,-2.4892578125,-1.5097081661224365,-1.003450870513916,-0.75250244140625,-0.5709626078605652,-0.4359905421733856,-0.33469441533088684,-0.23643603920936584,-0.14840777218341827,-0.05237096920609474
"Какие термодинамические ограничения регулируют сопряженное растворение-осаждение высокотемпературных силикатных фаз и карбонатных минералов в флюидах зон субдукции, и как кинетические изотопные эффекты влияют на распределение микроэлементов во время дегидратации плиты?",-2.538968563079834,-0.00950924555460612,-9.8125,-7.964583396911621,-6.80842399597168,-5.838801860809326,-4.8957648277282715,-4.1848673820495605,-3.6707324981689453,-3.200519561767578,-2.831127166748047,-2.537388324737549,-2.0904018878936768,-1.5033854246139526,-1.16385018825531,-0.9079630374908447,-0.7017404437065125,-0.5593394637107849,-0.45461979508399963,-0.34834665060043335,-0.253412663936615,-0.15575696527957916
" Как взаимодействие между миграцией галогенидных вакансий и электрон-фононным взаимодействием влияет на пути нерадиационной рекомбинации в гибридной органическо-неорганической перовскитной решетке, и могут ли потенциалы, полученные с помощью машинного обучения, предсказывать деградацию, вызванную дефектами, в условиях рабочих электрических полей?",-2.416870594024658,-0.007459477142051414,-9.328125,-7.673828125,-6.341249942779541,-5.457386493682861,-4.641554832458496,-4.0087890625,-3.490217447280884,-3.031419515609741,-2.7086896896362305,-2.4184730052948,-1.9658203125,-1.4814453125,-1.0449609756469727,-0.7835804224014282,-0.6034981608390808,-0.4896923899650574,-0.3864535689353943,-0.2783385217189789,-0.18646158277988434,-0.0637119859457016
" Каковы теоретические ограничения и практические алгоритмические стратегии для включения нейронных операторов, учитывающих анизотропные тензоры упругости и механику разрушения, с учетом физических принципов, для прогнозирования эволюции сейсмического волнового поля в реальном времени в неоднородных, насыщенных жидкостью условиях земной коры?",-2.4842121601104736,-0.008039521553755579,-7.4375,-6.60546875,-5.9296875,-5.33837890625,-4.705078125,-4.095052242279053,-3.5720913410186768,-3.14300537109375,-2.7950735092163086,-2.4846060276031494,-2.140625,-1.365234375,-0.9732258915901184,-0.7329368591308594,-0.5740448236465454,-0.45593008399009705,-0.3511069118976593,-0.2532939910888672,-0.1652001291513443,-0.062402043491601944
"Каковы квантово-механические последствия неадиабатического переноса электронов, сопряженного с переносом протонов, в металлоорганических каркасах со смешанной валентностью для энергетического ландшафта реорганизации и скорости каталитического оборота?",-2.078376293182373,-0.008732673500766274,-7.723958492279053,-6.324519157409668,-5.435937404632568,-4.6678242683410645,-4.021139621734619,-3.5042724609375,-3.001070022583008,-2.6161680221557617,-2.316844940185547,-2.0785751342773438,-1.9661458730697632,-1.3422476053237915,-0.9731079339981079,-0.7123526334762573,-0.5513162016868591,-0.45270079374313354,-0.35479605197906494,-0.2645331621170044,-0.18246710300445557,-0.09273932874202728
" Каким образом комбинированное влияние турбулентности магнитного пересоединения и ускорения релятивистских частиц формирует спектры гамма-излучения высоких энергий в туманностях, образованных пульсарными ветрами, и как многоволновые наблюдения могут ограничить лежащие в основе микрофизические процессы в плазме?",-2.323535442352295,-0.007593253079582663,-8.73828125,-7.525390625,-6.432942867279053,-5.211669921875,-4.406054496765137,-3.7888996601104736,-3.2971713542938232,-2.9003677368164062,-2.5819239616394043,-2.3239262104034424,-1.98828125,-1.333984375,-0.9224853515625,-0.674713134765625,-0.5061401128768921,-0.374481201171875,-0.2676217257976532,-0.17304229736328125,-0.08648681640625,0.007952881045639515
 Как можно откалибровать интегративные мультиомиксные глубокие генеративные модели для одновременного вывода причинно-следственных регуляторных сетей и прогнозирования фенотипических траекторий в условиях стохастического эпигенетического дрейфа в гетерогенных популяциях отдельных клеток?,-2.5547854900360107,-0.00956848498140828,-9.5625,-7.660416603088379,-6.644886493682861,-5.676562309265137,-4.9391889572143555,-4.219400882720947,-3.67822265625,-3.1916422843933105,-2.8595762252807617,-2.554762363433838,-2.572544574737549,-1.7195312976837158,-1.2927024364471436,-0.9468668699264526,-0.7532331943511963,-0.5975586175918579,-0.49306076765060425,-0.3861735165119171,-0.30285826325416565,-0.19529296457767487
" Каким образом взаимодействие между стохастической динамикой колонизации-вымирания и опосредованными признаками косвенными взаимодействиями формирует возникающую стабильность и функциональную избыточность многотрофических сетей в условиях экстремальных климатических явлений, коррелированных во времени?",-2.739223003387451,-0.00964515142037835,-8.754464149475098,-7.808035850524902,-6.824404716491699,-5.920200824737549,-5.15625,-4.50381326675415,-3.9505739212036133,-3.471195697784424,-3.0873470306396484,-2.7396962642669678,-2.8738839626312256,-2.1342074871063232,-1.5988187789916992,-1.194244384765625,-0.9378104209899902,-0.7585943341255188,-0.6155657172203064,-0.4943259060382843,-0.3836592435836792,-0.24651497602462769
Какая новая статистико-механическая модель может интегрировать многомасштабные сети взаимодействия видов и стохастические климатические воздействия для прогнозирования изменений режима в бореальных лесных экосистемах при одновременном таянии вечной мерзлоты и воздействии пожаров?,-2.490511417388916,-0.00965314502863921,-8.78125,-7.838942527770996,-6.853618621826172,-5.804086685180664,-4.8383049964904785,-4.185396671295166,-3.56598162651062,-3.1573262214660645,-2.783519744873047,-2.488297939300537,-3.55078125,-2.2578125,-1.650294303894043,-1.1968337297439575,-0.927734375,-0.765700101852417,-0.617081344127655,-0.5053898692131042,-0.3882249593734741,-0.27123284339904785
" Каковы механистические последствия наноскопических кальциевых микродоменов в дендритных шипиках для синаптической пластичности при интеграции динамики потенциал-зависимых каналов, индуцированных оптогенетически, со стохастическими моделями клиренса глутамата в астроцитах?",-2.786210060119629,-0.01079926379891329,-9.25390625,-7.908203125,-6.854166507720947,-6.0634765625,-5.266015529632568,-4.539469242095947,-3.9610073566436768,-3.480419158935547,-3.0959625244140625,-2.786755323410034,-2.6142578125,-1.921142578125,-1.4390462636947632,-1.0981826782226562,-0.86370849609375,-0.697509765625,-0.5651158094406128,-0.44647216796875,-0.340087890625,-0.23503418266773224
" В рамках непертурбативной квантовой гравитации, как включение инвариантов высшей кривизны в действие влияет на поток ренормализационной группы пропагатора гравитона в асимптотически безопасных сценариях, и какие наблюдаемые признаки могут возникнуть в спектрах первичных гравитационных волн?",-2.2207229137420654,-0.007764765432664565,-8.65625,-7.016544342041016,-5.929999828338623,-5.023897171020508,-4.258902549743652,-3.6934359073638916,-3.1750080585479736,-2.807051658630371,-2.480064868927002,-2.220613718032837,-1.9482421875,-1.3036534786224365,-0.9800390601158142,-0.7149227261543274,-0.5496854782104492,-0.44062596559524536,-0.33250731229782104,-0.24602553248405457,-0.14769239723682404,-0.03635140508413315
"Какая новая модель обратного моделирования может одновременно использовать данные спутниковых наблюдений высокого разрешения об осадках, речном стоке и уровне грунтовых вод для количественной оценки пространственно-временных полей гидравлической проводимости с учетом нестационарности, вызванной изменением климата?",-2.4730560779571533,-0.00864704922362641,-8.785714149475098,-7.4620537757873535,-6.41220235824585,-5.448660850524902,-4.6729912757873535,-4.040643692016602,-3.523118734359741,-3.088840961456299,-2.7482097148895264,-2.4736111164093018,-2.3370535373687744,-1.5032087564468384,-1.0573643445968628,-0.7784184217453003,-0.5972325205802917,-0.4680945873260498,-0.3676222264766693,-0.27594539523124695,-0.17987060546875,-0.05970720574259758
" Как сети горизонтального переноса генов влияют на эволюцию ферментов термоустойчивости в микробных сообществах, населяющих глубоководные гидротермальные источники, и какие филогенетические признаки отличают адаптивную конвергенцию от нейтральной диффузии?",-2.158541440963745,-0.008238707789937958,-10.104166984558105,-7.466346263885498,-6.090624809265137,-5.040219783782959,-4.201746463775635,-3.637744188308716,-3.1152448654174805,-2.7162318229675293,-2.405805826187134,-2.158607006072998,-2.0169270038604736,-1.225435733795166,-0.8014678955078125,-0.5779193043708801,-0.43890202045440674,-0.3527053892612457,-0.26310697197914124,-0.18122129142284393,-0.1008070632815361,-0.003975363448262215
" Как можно спроектировать эквивариантные графовые нейронные сети таким образом, чтобы они учитывали как перестановочную симметрию молекулярных графов, так и непрерывную вращательную инвариантность квантово-химических гамильтонианов, и при этом масштабировались до миллионов атомов для точного предсказания поверхностей потенциальной энергии возбужденных состояний?",-2.068228244781494,-0.006100968273691723,-8.145833015441895,-6.5690789222717285,-5.723214149475098,-4.869243621826172,-4.033772945404053,-3.457151174545288,-2.9565649032592773,-2.60978627204895,-2.3074071407318115,-2.0673763751983643,-3.977430582046509,-2.3508429527282715,-1.6506783962249756,-1.20477294921875,-0.9357121586799622,-0.7660811543464661,-0.6150102615356445,-0.49987953901290894,-0.3845229148864746,-0.2623558044433594
"Какие ограничения накладывают релятивистские эффекты увлечения инерциальных систем отсчета вблизи быстро вращающихся нейтронных звезд на поляризационные характеристики высокоэнергетических гамма-всплесков, и как их можно отделить от моделей магнитосферного излучения?",-2.397138833999634,-0.008748681875911072,-9.071428298950195,-7.316964149475098,-6.059523582458496,-5.1785712242126465,-4.489509105682373,-3.8985304832458496,-3.3991549015045166,-2.99285888671875,-2.6633427143096924,-2.3974530696868896,-2.8169643878936768,-1.7340959310531616,-1.240838885307312,-0.9413713812828064,-0.737011730670929,-0.5866466760635376,-0.45413145422935486,-0.33758544921875,-0.223501056432724,-0.10405273735523224
" Как эпистаз в нескольких локусах влияет на скорость и направление адаптивных перемещений на сложных ландшафтах приспособленности в условиях колеблющегося давления окружающей среды, и можно ли это количественно смоделировать с помощью неравновесной статистической механики?",-3.116225481033325,-0.011759341437861604,-10.489583015441895,-8.7109375,-7.52256965637207,-6.635416507720947,-5.840104103088379,-5.17491340637207,-4.510556221008301,-3.9586079120635986,-3.5206236839294434,-3.116872787475586,-2.2955729961395264,-1.7486978769302368,-1.4097222089767456,-1.1373697519302368,-0.9160634279251099,-0.7514165043830872,-0.6222381591796875,-0.505294144153595,-0.39630749821662903,-0.23018409311771393
 Каким образом интеграция высокоточных моделей переноса атмосферной химии с ассимиляцией данных на основе нейронных сетей улучшает прогнозирование динамики мезомасштабных предшественников озона в условиях быстро меняющегося климата?,-2.409233808517456,-0.009996820782230109,-8.643750190734863,-7.34375,-6.37890625,-5.256747245788574,-4.459542274475098,-3.9509942531585693,-3.4216747283935547,-3.057461738586426,-2.696035146713257,-2.4080026149749756,-1.078125,-0.8295454382896423,-0.68115234375,-0.4972090423107147,-0.359344482421875,-0.2741810083389282,-0.1789143830537796,-0.11059847474098206,-0.02467041090130806,0.0872083380818367
" Как взаимосвязь между ангармоничностью колебаний и электронными неадиабатическими переходами влияет на константы скорости сверхбыстрых реакций переноса электронов, сопряженных с переносом протонов, в гетерогенных каталитических средах в условиях экстремального давления?",-2.2680420875549316,-0.008623734173212667,-9.098214149475098,-7.639583110809326,-6.310369491577148,-5.1348958015441895,-4.372044086456299,-3.719097137451172,-3.256441593170166,-2.8323974609375,-2.5377466678619385,-2.2671573162078857,-2.260044574737549,-1.5619791746139526,-1.122734785079956,-0.8106150031089783,-0.6414126753807068,-0.4904046058654785,-0.3744712173938751,-0.25846099853515625,-0.16627570986747742,-0.04817504808306694
"Каковы механизмы, посредством которых термохимические аномалии, вызванные мантийными плюмами, изменяют долгосрочную эволюцию инверсий магнитного поля планет, и как высокоточные геодинамо-модели могут учитывать динамику плюмов для прогнозирования частоты инверсий?",-2.294447183609009,-0.008724133777981022,-8.080357551574707,-7.035714149475098,-6.063243865966797,-5.145089149475098,-4.363498210906982,-3.7762537002563477,-3.2904980182647705,-2.8944456577301025,-2.5802693367004395,-2.2936809062957764,-2.345982074737549,-1.634765625,-1.177606463432312,-0.8739013671875,-0.6563313603401184,-0.5215979218482971,-0.4158984422683716,-0.3193873465061188,-0.2286376953125,-0.1107313334941864
