id,source,group,subject,level,language,subset,question,choice_A,choice_B,choice_C,choice_D,choice_E,answer,split,loss,zlib,mink_0.1,mink_0.2,mink_0.3,mink_0.4,mink_0.5,mink_0.6,mink_0.7,mink_0.8,mink_0.9,mink_1.0,minkpp_0.1,minkpp_0.2,minkpp_0.3,minkpp_0.4,minkpp_0.5,minkpp_0.6,minkpp_0.7,minkpp_0.8,minkpp_0.9,minkpp_1.0
12630,https://ymnik.kz/tests_old/literature_kz/?v=63,Humanities,Kazakh_Literature,High School,Kazakh,Kazakh Literature (High School in kaz),"Қабаққа біткен қайыңныңБеріші еді, безі еді.Өтіндей - ақ аюдыңӘкемнен қалған көз еді. (І. Жансүгіров)Үзіндіде қолданылған бейнелеу құралын көрсетіңіз.",Әсірелеу.,Метафора.,Кейіптеу.,Аллегория.,Синекдоха.,B,test,-2.5216145515441895,-0.013931572107978947,-8.77734375,-6.8779296875,-5.837239742279053,-5.16259765625,-4.520007610321045,-4.030452728271484,-3.5799753665924072,-3.1719350814819336,-2.83087420463562,-2.5213987827301025,-3.3427734375,-2.312255859375,-1.6792398691177368,-1.2584457397460938,-0.9621939063072205,-0.7799894213676453,-0.6237450242042542,-0.48874324560165405,-0.3560941517353058,-0.21659143269062042
2008,https://itest.kz/ru/endless,STEM,Biology,High School,Russian,Biology (High School in rus),Хроматофоры у спирогиры расположены,Спирально,Линейно,Кругами,Параллельно,,A,test,-2.99476957321167,-0.04607337804941031,-7.28125,-6.453125,-5.96875,-5.4765625,-5.053124904632568,-4.6640625,-4.190848350524902,-3.728759765625,-3.326768636703491,-2.994091749191284,-2.21875,-1.7265625,-1.3020833730697632,-1.0751953125,-0.900390625,-0.7430827021598816,-0.5936802625656128,-0.47674560546875,-0.3625759482383728,-0.263427734375
15066,https://itest.kz/ru/endless,STEM,Math,High School,Russian,Math (High School in rus),"Пароход проплыл 9 км против течения реки и 30 км по течению реки, затратив на весь путь 1,5 ч. Найдите собственную скорость парохода, если скорость течения реки 6 км/ч.",26 км/ч,22 км/ч,24 км/ч,14 км/ч,,C,test,-1.0010626316070557,-0.0058886037153356215,-4.328125,-3.4749999046325684,-2.8173828125,-2.4222469329833984,-1.9580439329147339,-1.6793365478515625,-1.4571598768234253,-1.2552802562713623,-1.125008225440979,-1.0000073909759521,-1.407812476158142,-0.940625011920929,-0.6251182556152344,-0.465177983045578,-0.34372061491012573,-0.27083396911621094,-0.20435725152492523,-0.12424344569444656,-0.059177398681640625,0.03557784482836723
263,https://oltest.kz/tests/buhgalterskiy_uchet_i_audit/,"Social Science





",Accounting and auditing,University,Russian,Accounting and Auditing (Professional & University in rus),"Способ экономической группировки и обобщения информации о состоянии хозяйственных средств по их составу и источникам образования в денежном выражении на определенную дату:
","
систематизация",инвентаризация,"
оценка","
калькуляция",бухгалтерский баланс,E,test,-2.609806776046753,-0.013956185968164454,-8.020833015441895,-6.635416507720947,-5.721875190734863,-5.230769157409668,-4.684742450714111,-4.264843940734863,-3.82421875,-3.279115915298462,-2.9557697772979736,-2.608943223953247,-1.2122396230697632,-0.9615885615348816,-0.7660156488418579,-0.6149714589118958,-0.4534122347831726,-0.3614257872104645,-0.281122624874115,-0.18818721175193787,-0.11363932490348816,0.018411075696349144
2199,https://ymnik.kz/tests_old/biology/?v=57,STEM,Biology,High School,Russian,Biology (High School in rus),"Круглые черви, паразитирующие в мышцах животных:",Трихинелла,Волосатик,Острица,Аскарида,Ришта,A,test,-2.1743929386138916,-0.025581093395457548,-7.53125,-5.989583492279053,-5.47265625,-4.734375,-4.464285850524902,-3.596788167953491,-3.2481932640075684,-2.7156574726104736,-2.507359504699707,-2.1730449199676514,-1.578125,-1.265625,-1.03369140625,-0.6767171025276184,-0.5703473687171936,-0.404541015625,-0.3385009765625,-0.2295125275850296,-0.18496468663215637,-0.06824544072151184
20067,https://ymnik.kz/tests_old/literature/?v=5,Humanities,Russian_Literature,High School,Russian,Russian Literature (High School in rus),"Композиционная часть «В некотором царстве, в некотором государстве жили-были …» в народной сказке называется:",Зачин.,Присказка.,Завязка.,Развязка.,Экспозиция.,A,test,-2.441528558731079,-0.01707362628483272,-10.8125,-7.893750190734863,-6.75390625,-6.053124904632568,-4.93629789352417,-4.089599609375,-3.655707359313965,-3.136776924133301,-2.745652437210083,-2.440580129623413,-4.11328125,-2.268749952316284,-1.5034637451171875,-1.1928832530975342,-0.8997614979743958,-0.7052383422851562,-0.6036037802696228,-0.4642682671546936,-0.3392588198184967,-0.19884349405765533
21534,https://itest.kz/kz/endless,Humanities,World_History,High School,Kazakh,World History (High School in kaz),ХVІІІ ғасырдың І ширегінде Ресей экономикасына тән жағдай,Өндіріс пен капиталдың шоғырлануы өсті,Батыс елдерінен анағұрлым артта қалды,Батыс елдерінен экономикасынан алда болды,Феодалдық сарқыншақтар жойылды,,B,test,-2.195815324783325,-0.022406278824319645,-9.609375,-6.612500190734863,-5.78125,-4.88671875,-4.245768070220947,-3.5643229484558105,-3.1947381496429443,-2.7404541969299316,-2.4927313327789307,-2.19453501701355,-2.5390625,-1.458593726158142,-1.0875418186187744,-0.755175769329071,-0.6086832880973816,-0.45361328125,-0.3624483048915863,-0.23640136420726776,-0.158447265625,-0.04755859449505806
56,https://oltest.kz/tests/buhgalterskiy_uchet_i_audit/,"Social Science





",Accounting and auditing,University,Russian,Accounting and Auditing (Professional & University in rus),"
Касса должна находится:","

в отдельном помещении","

в отделе снабжения","
в финансовом отделе","

в помещении бухгалтерии","
в помещении расчетной группы",A,test,-7.489549160003662,-0.15284794204089105,-9.4375,-9.4375,-9.4375,-9.03125,-9.03125,-8.364583015441895,-8.364583015441895,-7.9609375,-7.9609375,-7.493750095367432,-1.5390625,-1.5390625,-1.5390625,-1.4296875,-1.4296875,-1.3697916269302368,-1.3697916269302368,-1.2587890625,-1.2587890625,-1.029882788658142
15838,https://itest.kz/ru/endless,STEM,Math,High School,Russian,Math (High School in rus),"Высота правильной треугольной пирамиды 4 см, а ее апофемы 8 см. Вычислите площадь боковой поверхности пирамиды.",\(150\) см2,\(288\) см2,\(124\) см2,\(146\) см2,,B,test,-1.4216068983078003,-0.01053042146894667,-6.46875,-5.109375,-4.326388835906982,-3.359375,-2.85986328125,-2.455026626586914,-2.0360372066497803,-1.8031933307647705,-1.6166560649871826,-1.420697808265686,-3.2734375,-1.8404947519302368,-1.3013237714767456,-0.894819974899292,-0.7200374603271484,-0.5870987772941589,-0.45081496238708496,-0.35470229387283325,-0.26163771748542786,-0.15369299054145813
6245,https://itest.kz/kz/endless,Social Science,Geography,High School,Kazakh,Geography (High School in kaz),Отын өнеркәсібінің дамуына байланысты пайда болған агломерацияның қалалары,"Абай, Саран","Қапшағай, Ақсай","Есік, Талғар","Қаскелең, Шымбұлақ",,A,test,-1.8994561433792114,-0.016661895994554487,-8.75,-6.75,-5.59375,-4.684244632720947,-3.857942819595337,-3.2457683086395264,-2.794131278991699,-2.4499714374542236,-2.180044651031494,-1.8994996547698975,-1.5729166269302368,-0.871826171875,-0.5682915449142456,-0.400054931640625,-0.2897705137729645,-0.2077297568321228,-0.1396426260471344,-0.0779978409409523,-0.0240478515625,0.0862879604101181
7695,https://ymnik.kz/tests_old/geography/?v=133,Social Science,Geography,High School,Russian,Geography (High School in rus),Передвигающиеся под воздействием течения простейшие организмы:,Кораллы.,Бентос.,Водоросли.,Планктон.,Нектон.,D,test,-3.3050878047943115,-0.03553857854617539,-9.5,-9.25,-8.3125,-6.78125,-6.067708492279053,-5.549107074737549,-4.76475715637207,-4.295068264007568,-3.9080922603607178,-3.307445764541626,-1.5,-1.28515625,-0.966796875,-0.597900390625,-0.4843343198299408,-0.387939453125,-0.2455240935087204,-0.1893310546875,-0.11423561722040176,0.017221303656697273
12366,https://itest.kz/kz/endless,Humanities,Kazakh_Literature,High School,Kazakh,Kazakh Literature (High School in kaz),"Тахауи Ахтановтың соғысты мүлде басқа қырынан көрсеткен, взвод командирі Ержан, қатардағы жауынгерлер Зеленин, Көжек деген кейіпкерлері бар шығармасы",«Күй аңызы»,«Боран»,«Дала сыры»,«Қаһарлы күндер»,,D,test,-2.3316519260406494,-0.01260352392454405,-9.5,-7.302884578704834,-6.1340460777282715,-5.157752513885498,-4.4375,-3.8015825748443604,-3.349696159362793,-2.914306640625,-2.614948034286499,-2.3333382606506348,-2.91796875,-1.9459134340286255,-1.3743157386779785,-0.9935842752456665,-0.7787837982177734,-0.5868687033653259,-0.45883652567863464,-0.32243818044662476,-0.2141902595758438,-0.08745774626731873
8392,https://oltest.kz/tests/gosudarstvo_i_pravo/,"Social Science





","Jurisprudence, state and law",University,Russian,Jurisprudence (Professional & University in rus),"Изменение имени и (или) фамилии ребенка может быть произведено только с его согласия при достижении им возраста
","16 лет
","14 лет
","19 лет
","7 лет
","10 лет
",A,test,-2.113884210586548,-0.015775255302884685,-8.625,-6.22265625,-5.0245537757873535,-4.534722328186035,-3.9036457538604736,-3.4874441623687744,-3.123779296875,-2.6703073978424072,-2.4167306423187256,-2.1146392822265625,-1.43359375,-1.1044921875,-0.7083216905593872,-0.5436604619026184,-0.3806050717830658,-0.28326416015625,-0.19512176513671875,-0.08207622170448303,-0.0149216428399086,0.0832977294921875
6040,https://oltest.kz/tests/obshcheobrazovatelnye_discipliny/,Others,General education disciplines,University,Russian,General Education Disciplines (Professional & University in rus),"Какими свойствами обладают антиалиментарные соединения:
","замедляют обмен нутриентов
","ускоряют обмен нутриентов
","стабилизируют обмен нутриентов
","участвуют в обмене нутриентов
","синтезируют их обмен
",B,test,-4.058200359344482,-0.0466459811418906,-7.25,-6.703125,-6.28125,-6.03125,-5.800000190734863,-5.5,-5.191964149475098,-4.908203125,-4.502604007720947,-4.056933403015137,-1.40625,-1.40234375,-1.2669271230697632,-1.0947265625,-0.833984375,-0.6484375,-0.5131138563156128,-0.38818359375,-0.2547743022441864,-0.13242188096046448
19495,https://ymnik.kz/tests_old/russian/?v=56,Humanities,Russian_Language,High School,Russian,Russian Language (High School in rus),Укажите значение фразеологизма отбиться от рук.,Не задумываться.,Не слушаться.,Баловаться.,Исчезнуть.,Зазнаваться.,B,test,-3.083712339401245,-0.0376062480414786,-9.3125,-8.46875,-7.4453125,-7.03125,-5.9375,-5.2802734375,-4.752604007720947,-3.924760341644287,-3.5996296405792236,-3.0859527587890625,-2.1875,-1.69921875,-1.12890625,-0.90087890625,-0.6240234375,-0.5294189453125,-0.4395616352558136,-0.2976740002632141,-0.2279459685087204,-0.1035853773355484
16833,https://oltest.kz/tests/filosofiya_i_psihologiya/,Humanities,Philosophy and psychology,University,Russian,Philosophy and Psychology (Professional & University in rus),"Философия Маркса
","натурализм
","идеализм
","материализм
","целостное мировоззрение
",плюрализм,C,test,-2.511812925338745,-0.06279532313346863,-5.875,-5.875,-5.875,-5.1875,-4.369791507720947,-4.369791507720947,-3.48046875,-3.48046875,-2.9273438453674316,-2.5087890625,-0.64453125,-0.64453125,-0.64453125,-0.270751953125,-0.0769856795668602,-0.0769856795668602,0.0531005859375,0.0531005859375,0.16748046875,0.271728515625
16211,https://itest.kz/ru/endless,Humanities,Math_Literacy,High School,Russian,Math Literacy (High School in rus),"Найдите площадь треугольника \(ADF\), если площадь треугольника \(APR\) равна \(Q\), \(DF\) параллельна \(PR\). Высота треугольника \(APR\), проведенная из точки \(A\), в \(4\) раза меньше высоты треугольника \(ADF\), проведенной из \(A\).",\(16Q\),\(4Q\),\(\cfrac14Q\),\(6Q\),,A,test,-1.351086139678955,-0.007186628402547634,-6.84375,-5.133413314819336,-4.061718940734863,-3.2864582538604736,-2.6856043338775635,-2.254239797592163,-1.93780517578125,-1.6937023401260376,-1.5032309293746948,-1.35072922706604,-3.25,-2.303786039352417,-1.5702011585235596,-1.1519018411636353,-0.8978424072265625,-0.7208527326583862,-0.5796769261360168,-0.4627890884876251,-0.3640732169151306,-0.25583505630493164
6498,https://ymnik.kz/tests_old/geography_kz/?v=35,Social Science,Geography,High School,Kazakh,Geography (High School in kaz),География ғылымы... саладан тұрады:,3,4,1,5,2,E,test,-4.375411033630371,-0.06341175411058508,-13.0,-11.34375,-10.5625,-8.487500190734863,-7.927083492279053,-7.2589287757873535,-6.126736164093018,-5.63671875,-5.164417743682861,-4.370490550994873,-5.8125,-4.625,-4.0625,-2.6371092796325684,-2.2643229961395264,-1.9698660373687744,-1.5313584804534912,-1.3695800304412842,-1.2086735963821411,-0.92626953125
3729,https://itest.kz/ru/endless,STEM,Chemistry,High School,Russian,Chemistry (High School in rus),"На полную нейтрализацию 10,2 г одноосновной предельной карбоновой кислоты потребовалось 40 г 10%-ного раствора гидроксида натрия.
Межклассовый изомер пропионовой кислоты",Этиловый эфир пропионовой кислоты,Пропилметаноат,Капроновая кислота,Этилацетат,,A,test,-2.0592830181121826,-0.011252912667279687,-10.225000381469727,-7.557812690734863,-6.0177083015441895,-4.882421970367432,-3.977163553237915,-3.4177796840667725,-2.965928792953491,-2.609077215194702,-2.3268306255340576,-2.0587992668151855,-2.035937547683716,-1.570703148841858,-1.165136694908142,-0.8687774538993835,-0.648026704788208,-0.5166665315628052,-0.4084218442440033,-0.30492717027664185,-0.20359337329864502,-0.06667034327983856
17389,https://itest.kz/kz/endless,STEM,Physics,High School,Kazakh,Physics (High School in kaz),"Толқын көзінің тербеліс теңдеуі \(x=2\sin200\pi t\), тербелістердің ортада таралу жылдамдығының модулі \(400\) м/с. Толқын ұзындығы",\(4π\) м,\(4\) м,\(\frac π2\) м,\(2π\) м,,B,test,-1.886027216911316,-0.011500165956776316,-7.161458492279053,-6.244791507720947,-5.3059210777282715,-4.489062309265137,-3.69476318359375,-3.1530375480651855,-2.7373712062835693,-2.3660075664520264,-2.1183149814605713,-1.8866243362426758,-3.6666667461395264,-2.6090495586395264,-1.7892166376113892,-1.3673291206359863,-1.0508384704589844,-0.8627897500991821,-0.7158175110816956,-0.5740631818771362,-0.4724827706813812,-0.3546123504638672
19375,https://ymnik.kz/tests_old/russian/?v=41,Humanities,Russian_Language,High School,Russian,Russian Language (High School in rus),"Укажите вид придаточного предложения в сложноподчиненном предложении.Люблю, когда молодой лиственный лес оденется зеленою листвою.",Изъяснительное.,Определительное.,Обстоятельственное места.,Обстоятельственное времени.,Обстоятельственное причины.,A,test,-2.7808916568756104,-0.018917630318881704,-10.916666984558105,-8.755208015441895,-7.284375190734863,-6.336538314819336,-5.307904243469238,-4.623046875,-4.070907115936279,-3.495912790298462,-3.1518218517303467,-2.7814769744873047,-3.6510417461395264,-2.609375,-1.7439453601837158,-1.3462618589401245,-1.0108822584152222,-0.8209686279296875,-0.671086847782135,-0.5090218782424927,-0.40688273310661316,-0.2726171016693115
2752,https://itest.kz/kz/endless,STEM,Chemistry,High School,Kazakh,Chemistry (High School in kaz),Орташа молекулалық массасы 103950 болатын полипропиленнің полимерлену дәрежесі:,2500,2450,2475,2381,,C,test,-1.7934143543243408,-0.015594907428907312,-7.583333492279053,-6.166666507720947,-4.793749809265137,-4.143630027770996,-3.458639621734619,-3.0443358421325684,-2.6502737998962402,-2.259650230407715,-2.033944606781006,-1.7946571111679077,-2.1328125,-1.5709635019302368,-1.011541724205017,-0.7723904848098755,-0.5764195919036865,-0.4696197509765625,-0.389215886592865,-0.27057337760925293,-0.18375040590763092,-0.06367223709821701
19347,https://itest.kz/ru/endless,Humanities,Russian_Language,High School,Russian,Russian Language (High School in rus),Восклицательный знак надо поставить в конце предложения,"Вишь, прихоти какие завелись",Неужто на дуэль вас вызвать захотят,Который же из двух,Ещё ли не сломил молчания печати,,A,test,-3.0011496543884277,-0.03449597303894745,-10.25,-8.046875,-7.208333492279053,-6.5625,-5.639062404632568,-4.966145992279053,-4.4129462242126465,-3.95654296875,-3.5989582538604736,-3.003018379211426,-2.5625,-2.09375,-1.4541015625,-1.008544921875,-0.734179675579071,-0.5265299677848816,-0.3519810140132904,-0.2152099609375,-0.1036241352558136,0.07395241409540176
15746,https://itest.kz/ru/endless,STEM,Math,High School,Russian,Math (High School in rus),"Выполните сложение дробей.
\(\frac{c+d}{c^2-b^2}+\frac{c-d}{b^2-c^2}\)",\(\frac{2c}{c^2-b^2}\),\(\frac{2d}{c^2-b^2}\),\(\frac{c+d}{c^2-b^2}\),\(\frac{2c-2d}{c^2-b^2}\),,B,test,-1.25499427318573,-0.014101059249277865,-6.052083492279053,-4.707589149475098,-3.6257102489471436,-3.053013324737549,-2.508897542953491,-2.0960581302642822,-1.8552929162979126,-1.6017835140228271,-1.4080995321273804,-1.2558726072311401,-3.265625,-1.6319754123687744,-1.0221501588821411,-0.7870396375656128,-0.5799967646598816,-0.42136451601982117,-0.3258007764816284,-0.21748720109462738,-0.11986564844846725,-0.022025443613529205
20831,https://oltest.kz/tests/obshchestvennye_nauki/,"Social Science





",Social Science,University,Russian,Social Science (Professional & University in rus),"Процессы выработки, принятия и реализации решений, затрагивающих жизнь мирного сообщества называют ...
","международными отношениями
","отношениями сотрудничества
","нет правильного ответа
","отношениями соперничества
","мировой политикой
",E,test,-3.326040506362915,-0.02463733708416974,-9.78125,-8.625,-7.864583492279053,-6.638888835906982,-6.005681991577148,-5.36057710647583,-4.58984375,-4.176215171813965,-3.822460889816284,-3.3252272605895996,-4.2734375,-3.107421875,-2.3489582538604736,-1.624847412109375,-1.3219521045684814,-1.1014474630355835,-0.8483562469482422,-0.7093895673751831,-0.5788803100585938,-0.37786465883255005
17325,https://itest.kz/kz/endless,STEM,Physics,High School,Kazakh,Physics (High School in kaz),"Резисторлардың кедергілері \(R_1=2\) Ом, \(R_2=10\) Ом, \(R_3=15\) Ом, \(R_4=4\) Ом. Ал амперметрдің көрсетуі \(2\) A болса, онда тізбектегі ток күші:",\(3\) А,\(5\) А,\(6\) А,\(4\) А,,B,test,-1.508517861366272,-0.008821741879334924,-7.325892925262451,-5.2989583015441895,-4.2727580070495605,-3.589322805404663,-2.9842207431793213,-2.5115277767181396,-2.1882832050323486,-1.9028220176696777,-1.6824305057525635,-1.5076326131820679,-3.474330425262451,-2.200650930404663,-1.4520090818405151,-1.1052439212799072,-0.858034610748291,-0.6869022250175476,-0.565887451171875,-0.4467828571796417,-0.34292691946029663,-0.23670662939548492
6033,https://oltest.kz/tests/obshcheobrazovatelnye_discipliny/,Others,General education disciplines,University,Russian,General Education Disciplines (Professional & University in rus),"Что нужно сразу же сделать, если присосался клещ?
","оторвать насекомое пальцами и прижечь ранку
","раздавить присосавшиеся насекомое
","смазать насекомое горячим маслом
","смыть насекомое водой
","смазать насекомое йодом
",E,test,-2.8571040630340576,-0.03361298897687127,-10.875,-9.84375,-7.09375,-6.178124904632568,-5.035714149475098,-4.58203125,-4.176215171813965,-3.55859375,-3.3025715351104736,-2.855745553970337,-3.203125,-2.23046875,-1.36083984375,-1.0720703601837158,-0.7322823405265808,-0.5806884765625,-0.4625650942325592,-0.2758345305919647,-0.2001139372587204,-0.0286690853536129
9546,https://itest.kz/kz/endless,Humanities,Kazakh_History,High School,Kazakh,Kazakh History (High School in kaz),Үнді-иран тілінде «арбада тұрғандар» деп аталғандар:,малшылар,жауынгерлер,абыздар,егіншілер,,B,test,-2.908665418624878,-0.034626969269343784,-6.828125,-6.53125,-6.151785850524902,-5.650000095367432,-5.22265625,-4.495312690734863,-4.096047878265381,-3.5645508766174316,-3.275479316711426,-2.9090819358825684,-4.0234375,-3.1968750953674316,-2.638392925262451,-2.022265672683716,-1.6994069814682007,-1.3226765394210815,-1.1270859241485596,-0.8896636962890625,-0.7571161389350891,-0.5856372117996216
19092,https://itest.kz/ru/endless,Humanities,Russian_Language,High School,Russian,Russian Language (High School in rus),"Раздел науки о языке, занимающийся нормами произношения, их обоснованием и установлением",Морфология,Графика,Фонетика,Орфоэпия,,B,test,-2.4684197902679443,-0.021097605045025166,-7.765625,-6.9609375,-5.9140625,-5.23828125,-4.692187309265137,-4.038899898529053,-3.513671875,-3.083404541015625,-2.7441930770874023,-2.469773769378662,-1.71484375,-1.4326171875,-1.1087239980697632,-0.8286285400390625,-0.6500610113143921,-0.505340576171875,-0.3832048773765564,-0.27622222900390625,-0.1637166291475296,-0.05418090894818306
5051,https://oltest.kz/tests/ekonomika_i_predprinimatelstvo/,"Social Science





",Economics and Entrepreneurship ,University,Russian,Economics and Entrepreneurship (Professional in rus),"Основа платежеспособности и ликвидности предприятия — это ...
","материалоотдача
","ликвидность баланса
",материалоемкость,себестоимость,"фондоотдача
",B,test,-2.6616547107696533,-0.028315475646485674,-10.5625,-7.166666507720947,-6.23828125,-5.127604007720947,-4.761160850524902,-4.220486164093018,-3.9203124046325684,-3.3175456523895264,-3.067570686340332,-2.660626173019409,-1.2578125,-0.9029948115348816,-0.6611328125,-0.4059244692325592,-0.3272879421710968,-0.2120225727558136,-0.1630859375,-0.0559895820915699,0.0033052884973585606,0.13828125596046448
22821,https://ymnik.kz/tests_old/worldhistory/?v=55,Humanities,World_History,High School,Russian,World History (High School in rus),Движущими силами буржуазных революций были:,Виконты,Дворяне,Рыцари,Трудовые элементы городов,Священнослужители,D,test,-2.3378145694732666,-0.030760718019385087,-7.1875,-7.03125,-6.666666507720947,-5.035937309265137,-4.408854007720947,-3.9542410373687744,-3.2747395038604736,-3.001953125,-2.7590553760528564,-2.33518385887146,-4.125,-3.21875,-2.3125,-1.5574219226837158,-1.2899984121322632,-1.095458984375,-0.7628309726715088,-0.6349853277206421,-0.5303844213485718,-0.3102651834487915
11111,https://ymnik.kz/tests_old/kazakh_kz/?v=29,Language,Kazakh_Language,High School,Kazakh,Kazakh Language (High School in kaz),"Мыс, ""міс"" - шылауларының мағынасын анықтаңыз.",Болжалдық.,Күшейткіш.,Лептік.,Сұраулық.,Шектік.,A,test,-2.9147143363952637,-0.037368132517887995,-8.71875,-7.2265625,-6.520833492279053,-5.765625,-5.137499809265137,-4.665364742279053,-4.199776649475098,-3.761962890625,-3.394965171813965,-2.9150493144989014,-1.17578125,-0.9599609375,-0.7151082158088684,-0.5084381103515625,-0.36680907011032104,-0.2197367399930954,-0.10882568359375,-0.01782989501953125,0.0637952983379364,0.1826578825712204
4491,https://itest.kz/ru/endless,STEM,Chemistry,High School,Russian,Chemistry (High School in rus),При сжигании углеводорода образуются \(CO_2 \;и \;H_2O\) в мольном соотношении 4:5. Молекулярная формула вещества,Октан,Бутан,Гексан,Пропан,,B,test,-1.469841480255127,-0.009544425196461863,-6.65625,-5.3671875,-4.346354007720947,-3.533547878265381,-2.943359375,-2.513906240463257,-2.1063029766082764,-1.8587313890457153,-1.6630754470825195,-1.4696946144104004,-3.390625,-2.08935546875,-1.4444122314453125,-1.0161527395248413,-0.8177286982536316,-0.6785033941268921,-0.5401265621185303,-0.43424537777900696,-0.345977783203125,-0.23066605627536774
21819,https://itest.kz/kz/endless,Humanities,World_History,High School,Kazakh,World History (High School in kaz),"«Конгресстің арнайы сессиясы аяқталғанша мен біздің ұлттық науқанымызда бұдан былай халықты жұмыспен қамтамасыз ету жөнінде екі шараны ұсынбақшымын. Менің бірінші ұсынысым, конгресс қысқартылған жұмыс жағдайында жеткілікті жалақыны сақтай отырып, бүкіл индустрия саласы бойынша жұмыс аптасын қысқартуды келісімді жүргізуге және әділетсіз бәсеке мен өнімдерді артық шығаруды болдырмауға қажетті механизмдерді жасауды қамтамасыз етсе. Келесі ұсынысым атқарушы билікке «тікелей жұмыспен қамтамасыз етудің» кең көлемді бағдарламасына кірісуге мүмкіндік береді. Зерттеулер аса маңызды, әрі қолайлы қоғамдық құрылысқа 3300 млн доллар жұмсауға, сөйтіп, барынша көп адамдарға жұмыс беруге мүмкіндік бар екендігіне менің көзімді жеткізіп отыр».
Мәтінде сипатталған тарихи кезеңнің уақытын анықтаңыз:",Азамат соғысы жылдары,1914-1918 жылдар бірінші дүниежүзілік соғыс кезі,1929-1933 жылдардағы экономикаық дағдарыс жылдары,1905-1907 жылдар революция кезі,,C,test,-1.727993369102478,-0.0026666564338001203,-6.548611164093018,-5.325128555297852,-4.5241475105285645,-3.9061429500579834,-3.341402053833008,-2.853924036026001,-2.47137451171875,-2.163647174835205,-1.9216690063476562,-1.727931261062622,-2.348524332046509,-1.6058433055877686,-1.1534340381622314,-0.8638108968734741,-0.6782490015029907,-0.5461001396179199,-0.43871092796325684,-0.34130170941352844,-0.2509334683418274,-0.15529057383537292
5568,https://oltest.kz/tests/finansy_i_kredit/,"Social Science





","Finance, credit, insurance ",University,Russian,Finance (Professional & University in rus),"Приказ кредитора должнику об уплате указанной суммы денег третьему лицу:
","чек
","аккредитив
","простой вексель
","цессия
","переводной вексель
",E,test,-3.2976746559143066,-0.03170841015302218,-13.1875,-10.9375,-8.831250190734863,-7.426339149475098,-6.420138835906982,-5.841015815734863,-4.930419921875,-4.239571571350098,-3.7120437622070312,-3.2995944023132324,-3.125,-2.6302082538604736,-1.8898437023162842,-1.3619210720062256,-1.0474717617034912,-0.9324706792831421,-0.7519938349723816,-0.6041783094406128,-0.466033935546875,-0.3363443911075592
9384,https://itest.kz/kz/endless,Humanities,Kazakh_History,High School,Kazakh,Kazakh History (High School in kaz),Қытай әскері Қазақстан шекарасына жетті:,Тобыл өзені арқылы,Іле өзенін бойлай,Сырдарияны бойлай,Ертіс өзенін бойлай,,B,test,-1.5351617336273193,-0.02019949649509631,-4.78125,-3.7760417461395264,-3.328125,-2.984375,-2.6345486640930176,-2.4742188453674316,-2.1949870586395264,-1.9609375,-1.725189208984375,-1.5347951650619507,-0.53125,-0.2936197817325592,-0.16982421278953552,-0.0906110480427742,-0.0335828997194767,-0.0050292969681322575,0.0433349609375,0.0975516214966774,0.153717041015625,0.2243109792470932
16675,https://oltest.kz/tests/filosofiya_i_psihologiya/,Humanities,Philosophy and psychology,University,Russian,Philosophy and Psychology (Professional & University in rus),"Процесс воздействия на сознание личности:
","внушение
",идентификация,заражение,убеждение,"подражание
",D,test,-3.375133991241455,-0.04500178654988607,-9.125,-9.125,-7.0625,-6.322916507720947,-5.9140625,-5.256249904632568,-4.734375,-4.254464149475098,-3.798828125,-3.37760066986084,-1.0859375,-1.0859375,-0.740234375,-0.5696614384651184,-0.4061279296875,-0.24326172471046448,-0.0751139298081398,0.0516880564391613,0.18780517578125,0.3136393129825592
9879,https://ymnik.kz/tests_old/history/?v=25,Humanities,Kazakh_History,High School,Russian,Kazakh History (High School in rus),Главным принципом административного устройства казахской степи согласно реформ 1867-1868г.г. было:,Административное правление в Казахстане на началах народного самоуправления.,Социально-экономические нововведения.,Неразделенность военной и гражданской властей.,Повышение материального благосостояния казахов.,Расшатывание патриархально-родового уклада жизни кочевников.,C,test,-1.9897981882095337,-0.015306139909304106,-8.354166984558105,-7.401041507720947,-5.746874809265137,-4.6875,-3.809053421020508,-3.314453125,-2.9142322540283203,-2.5024595260620117,-2.255542039871216,-1.9913240671157837,-3.4244792461395264,-2.3020832538604736,-1.437841773033142,-1.0849233865737915,-0.7862764000892639,-0.620776355266571,-0.49021315574645996,-0.35284650325775146,-0.2626139223575592,-0.13750861585140228
10020,https://itest.kz/ru/endless,Humanities,Kazakh_History,High School,Russian,Kazakh History (High School in rus),Посевных земель в предместьях Отрара в Х–ХII веках было освоено,Около 20–30%,Около 40–50%,Около 10–20%,Около 60–70%,,D,test,-3.84684419631958,-0.03885701208403616,-10.375,-8.8125,-8.109375,-7.37109375,-6.560937404632568,-5.955729007720947,-5.450892925262451,-4.9794921875,-4.484049320220947,-3.8442091941833496,-1.765625,-1.474609375,-1.34765625,-1.21142578125,-1.01416015625,-0.8471781611442566,-0.7127598524093628,-0.5875930786132812,-0.4777086079120636,-0.3057628870010376
17873,https://itest.kz/kz/endless,STEM,Physics,High School,Kazakh,Physics (High School in kaz),Эрбий \(^{172}_{68}Er\) ядроларының ыдырамаған атомдар санының уақытқа тәуелділігі берілген. Эрбийдің жартылай ыдырау периоды,100 мин,50 сағ,50 с,50 мин,,B,test,-1.8317567110061646,-0.010649748319803282,-8.114583015441895,-6.084635257720947,-5.028645992279053,-4.192812442779541,-3.615549325942993,-3.0968644618988037,-2.618730068206787,-2.3063416481018066,-2.0599284172058105,-1.8310474157333374,-4.420572757720947,-2.7102863788604736,-1.8911776542663574,-1.354856014251709,-1.0791429281234741,-0.8846418857574463,-0.7137187719345093,-0.5891271829605103,-0.47620174288749695,-0.3407631516456604
22292,https://ymnik.kz/tests_old/worldhistory/?v=54,Humanities,World_History,High School,Russian,World History (High School in rus),Философское осмысление политики и управления государством изложил Юсуф Баласагуни в своем труде:,"""Спор двух языков""","""Кутадгу билик""","""Книга знаний""","""Бабурнаме""","""Шахнаме""",B,test,-2.5756046772003174,-0.020280351788978877,-7.625,-6.724999904632568,-5.921875,-5.401562690734863,-4.776442527770996,-4.197265625,-3.812066078186035,-3.3076870441436768,-2.8955204486846924,-2.5740842819213867,-1.9453125,-1.243749976158142,-0.865966796875,-0.7099609375,-0.538818359375,-0.4202423095703125,-0.3563503623008728,-0.2519647479057312,-0.1457621306180954,-0.0343695729970932
2392,https://itest.kz/ru/endless,STEM,Biology,High School,Russian,Biology (High School in rus),Тело насекомых состоит из,"Головы, туловища и ноги","Головы, груди, ноги",Головы и туловища,"Головы, груди и брюшка",,D,test,-4.629613876342773,-0.08573359030264395,-10.875,-10.875,-10.875,-10.875,-8.34375,-8.34375,-8.34375,-6.153645992279053,-6.153645992279053,-4.626708984375,-1.6328125,-1.6328125,-1.6328125,-1.6328125,-1.12109375,-1.12109375,-1.12109375,-0.6806640625,-0.6806640625,-0.271240234375
11440,https://itest.kz/kz/endless,Language,Kazakh_Language,High School,Kazakh,Kazakh Language (High School in kaz),Бірыңғай мүшелі сөйлемді белгілеңіз.,"Жел соқпай, құс шуламай – бәрі жым-жырт.","Тыңда, дала, Жамбылды.",Мен сендерге көргенімді айтамын.,"Дүниеде, сірә, сендей жар жоқ маған.",,A,test,-2.1960926055908203,-0.030083460350559182,-6.6875,-6.28125,-5.618750095367432,-4.979910850524902,-4.3125,-3.689985752105713,-3.186898946762085,-2.776839256286621,-2.452880859375,-2.1950924396514893,-3.53125,-1.70703125,-1.2843749523162842,-0.9724818468093872,-0.740966796875,-0.5816539525985718,-0.45025163888931274,-0.33566081523895264,-0.234130859375,-0.11902497708797455
17419,https://itest.kz/kz/endless,STEM,Physics,High School,Kazakh,Physics (High School in kaz),"Егер серіппеге массасы \(20\) кг жүк ілгенде, оның ұзындығы – \(12\) см, ал \(50\) кг жүк ілгенде \(15\) см болса, онда оның бастапқы ұзындығының мәні \((g=10\)м/с\(^2)\)",\(10\) см,"\(11,5\) см","\(10,5\) см",\(8\) см,,A,test,-1.608807921409607,-0.008791300116992388,-7.625,-5.727022171020508,-4.608749866485596,-3.7062270641326904,-3.143043041229248,-2.64719295501709,-2.307584047317505,-2.0089828968048096,-1.7990401983261108,-1.6086450815200806,-3.232421875,-2.195082664489746,-1.502447485923767,-1.089496374130249,-0.8586171269416809,-0.670753002166748,-0.5380264520645142,-0.41554754972457886,-0.32174402475357056,-0.21175788342952728
14891,https://itest.kz/kz/endless,STEM,Math,High School,Kazakh,Math (High School in kaz),"Теңсіздіктер жүйесін шешіңіз.
 \(\begin{cases}\frac{x}{6}+\frac{x}{3}<2 \\2-\frac{1}{3}x>0\end{cases}\)",х > 4,х < 4,х < 6,4 < х < 6,,B,test,-1.6232446432113647,-0.014238988098345305,-7.15625,-5.496874809265137,-4.28515625,-3.633556604385376,-3.0604746341705322,-2.68316650390625,-2.356973171234131,-2.0364394187927246,-1.8257642984390259,-1.6229016780853271,-4.046875,-2.796875,-1.8665618896484375,-1.412830114364624,-1.077238917350769,-0.8857879638671875,-0.7284496426582336,-0.5652593374252319,-0.449005126953125,-0.3164333701133728
1315,https://itest.kz/kz/endless,STEM,Biology,High School,Kazakh,Biology (High School in kaz),Аяқсыз қосмекенділер:,Құрбақа,Жетісулық бақатіс,Саламандралар,Сақиналы құртжылан,,D,test,-2.982621431350708,-0.05848277316373937,-6.625,-5.890625,-5.59375,-5.3828125,-5.088541507720947,-4.75,-4.3662109375,-3.9713542461395264,-3.5772948265075684,-2.9842910766601562,-1.171875,-1.060546875,-0.87109375,-0.775390625,-0.53857421875,-0.4386160671710968,-0.36279296875,-0.2962239682674408,-0.23984375596046448,-0.087890625
5023,https://oltest.kz/tests/ekonomika_i_predprinimatelstvo/,"Social Science





",Economics and Entrepreneurship ,University,Russian,Economics and Entrepreneurship (Professional in rus),"По __________________ различают комплексный анализ, системный анализ, функционально-стоимостный анализ, сравнительный анализ, сплошной анализ, корреляционный анализ.
","методам изучения
","периодичности
","степени привлечения технических средств
","степени использования информации
","содержанию и полноте изучаемых вопросов
",A,test,-2.397719383239746,-0.016885347769293988,-11.5625,-8.558035850524902,-6.8671875,-5.395089149475098,-4.646599292755127,-3.9112722873687744,-3.4761149883270264,-2.9940359592437744,-2.7082440853118896,-2.3989527225494385,-3.0989582538604736,-2.244419574737549,-1.62353515625,-1.1458740234375,-0.9184713959693909,-0.7055315375328064,-0.5857645869255066,-0.4525582492351532,-0.36573052406311035,-0.23899972438812256
2304,https://ymnik.kz/tests_old/biology/?v=66,STEM,Biology,High School,Russian,Biology (High School in rus),Превращают перегной в минеральные вещества бактерии,Уксусные,Болезнетворные,Клубеньковые,Почвенные,Молочнокислые,D,test,-3.629411220550537,-0.04480754593272268,-10.5625,-8.53125,-7.458333492279053,-6.765625,-6.131249904632568,-5.690104007720947,-5.325892925262451,-4.8623046875,-4.39149284362793,-3.6286399364471436,-3.09375,-2.32421875,-1.9114583730697632,-1.697265625,-1.485937476158142,-1.239471435546875,-1.0347813367843628,-0.8446426391601562,-0.6908976435661316,-0.4392145276069641
1431,https://itest.kz/ru/endless,STEM,Biology,High School,Russian,Biology (High School in rus),Моногибридным скрещиванием называют,Скрещивание особей с рецессивной формой по изучаемому признаку,"Скрещивание особей, отличающихся друг от друга по двум парам альтернативных признаков",Возвратное скрещивание особей с одной из родительских форм,"Скрещивание особей, отличающихся друг от друга по одной паре альтернативных признаков",,D,test,-1.7968084812164307,-0.026818037033081055,-7.34375,-6.5,-5.375,-4.2421875,-3.508593797683716,-2.9788410663604736,-2.5650808811187744,-2.2454185485839844,-1.9967923164367676,-1.797113060951233,-2.59375,-1.794921875,-1.1864013671875,-0.871978759765625,-0.6803954839706421,-0.5227254033088684,-0.3941999077796936,-0.2875518798828125,-0.1996120810508728,-0.12418212741613388
6457,https://ymnik.kz/tests_old/geography_kz/?v=1,Social Science,Geography,High School,Kazakh,Geography (High School in kaz),Роман тобына жататын халық:,Француздар.,Австриялықтар.,Шведтер.,Немістер.,Ағылшындар.,A,test,-2.710920572280884,-0.05020223282001637,-10.9375,-8.5,-6.484375,-5.956250190734863,-5.044642925262451,-4.5546875,-4.14453125,-3.426225185394287,-3.1534016132354736,-2.7120883464813232,-1.984375,-1.53515625,-1.0,-0.754687488079071,-0.4631696343421936,-0.36279296875,-0.2821180522441864,-0.16370739042758942,-0.1064453125,0.0164620541036129
1646,https://ymnik.kz/tests_old/biology/?v=53,STEM,Biology,High School,Russian,Biology (High School in rus),Соединение входящее в состав АТФ,Крахмал,Аминокислота,Глюкоза,Н2СО3,Н3РО4,E,test,-3.2204787731170654,-0.05111871068439786,-10.8125,-8.578125,-7.822916507720947,-7.140625,-6.040625095367432,-5.1640625,-4.515067100524902,-4.0107421875,-3.5774197578430176,-3.2212281227111816,-3.84375,-2.88671875,-2.05859375,-1.513916015625,-1.151757836341858,-0.8556315302848816,-0.6441127061843872,-0.4703369140625,-0.3139106035232544,-0.16923828423023224
18913,https://itest.kz/ru/endless,Humanities,Russian_Language,High School,Russian,Russian Language (High School in rus),Синоним к слову должный,Сильный,Активный,Общительный,Соответствующий,,D,test,-3.430147647857666,-0.06860295295715332,-9.875,-9.875,-8.8125,-8.8125,-6.989583492279053,-5.71484375,-5.71484375,-4.700781345367432,-3.9983723163604736,-3.428287982940674,-1.28125,-1.28125,-1.15625,-1.15625,-1.0859375,-0.7938232421875,-0.7938232421875,-0.572558581829071,-0.3905436098575592,-0.2225864976644516
21707,https://itest.kz/kz/endless,Humanities,World_History,High School,Kazakh,World History (High School in kaz),Қытай патшасы Цинь Ши Хуандидің айыпкер ақсүйектерді жазалау әдісі:,Өзін-өзі өлтірткен,Отқа өртеген,Дарға асқан,Тірідей көмген,,A,test,-2.0915331840515137,-0.019547039103285174,-6.864583492279053,-5.848958492279053,-4.7734375,-4.304086685180664,-3.7136948108673096,-3.3421874046325684,-3.00237774848938,-2.6089770793914795,-2.363736867904663,-2.0923101902008057,-1.7526041269302368,-1.1800130605697632,-0.847460925579071,-0.6448411345481873,-0.45209816098213196,-0.347320556640625,-0.25599205493927,-0.15375886857509613,-0.08356526494026184,0.006229176186025143
14536,https://itest.kz/kz/endless,STEM,Math,High School,Kazakh,Math (High School in kaz),Массасы 10 кг қоспаның \(\frac35\) бөлігі никель және бірдей мөлшерде төрт түрлі металл бар. Олардың ішінде темір де бар. Қоспаның құрамында қанша темір бар?,225 г,"1, 5 кг",750 г,1 кг,,D,test,-2.20469069480896,-0.011364385024788454,-9.21875,-7.540865421295166,-6.272656440734863,-5.171875,-4.286994457244873,-3.707226514816284,-3.180248498916626,-2.774423122406006,-2.4571919441223145,-2.2042455673217773,-3.9388020038604736,-2.606971263885498,-1.9347655773162842,-1.4407687187194824,-1.1301162242889404,-0.9406280517578125,-0.7647756934165955,-0.6203907132148743,-0.49598369002342224,-0.3650782108306885
19516,https://itest.kz/ru/endless,Humanities,Russian_Language,High School,Russian,Russian Language (High School in rus),"Укажите фразеологизм, имеющий значение далеко.",За тридевять земель,Тянуть резину,Подготовить почву,Закинуть удочку,,A,test,-2.6850240230560303,-0.03356280028820038,-12.625,-9.796875,-7.53125,-6.618750095367432,-5.120535850524902,-4.5498046875,-4.10243034362793,-3.4128196239471436,-3.1297099590301514,-2.683164358139038,-4.625,-2.5546875,-1.3525390625,-1.080804467201233,-0.7572849988937378,-0.6484031677246094,-0.5396830439567566,-0.37604036927223206,-0.31019845604896545,-0.1372571736574173
1231,https://itest.kz/kz/endless,STEM,Biology,High School,Kazakh,Biology (High School in kaz),Жапырақ жүйкелерінің ұшы тақтасының жиегі тікенекті өсімдік:,Қырыққабат,Сексеуіл,Шеңгел,"Түйетікен, шағыртікен",,D,test,-2.4543864727020264,-0.025566525757312775,-6.364583492279053,-6.0625,-5.46006965637207,-4.799479007720947,-4.251562595367432,-3.7912325859069824,-3.3645832538604736,-3.010009765625,-2.7165074348449707,-2.455094337463379,-1.8489583730697632,-1.5221353769302368,-1.1533474922180176,-0.79949951171875,-0.569287121295929,-0.3999701738357544,-0.2658226490020752,-0.1484476774930954,-0.04746274650096893,0.04348144680261612
1747,https://itest.kz/ru/endless,STEM,Biology,High School,Russian,Biology (High School in rus),Соответствует процессу оплодотворения,Передвижение зрелой яйцеклетки в матку,Слияние яйцеклетки и сперматозоида,Образование плаценты,Развитие оплодотворенного яйца,,B,test,-3.0036799907684326,-0.045510302890430794,-10.6875,-8.578125,-7.385416507720947,-6.5703125,-5.821875095367432,-4.9921875,-4.2812323570251465,-3.7460784912109375,-3.329847574234009,-2.9968628883361816,-4.21875,-2.3984375,-1.7734375,-1.4306640625,-1.1538574695587158,-0.9560953974723816,-0.8147670030593872,-0.70556640625,-0.61328125,-0.455078125
6229,https://itest.kz/kz/endless,Social Science,Geography,High School,Kazakh,Geography (High School in kaz),Негізгі шай өндіруші елдер.,"Кения, Эфиопия","Грузия, Сауд Арабиясы","Шри-Ланка, Мальдив","Үндістан, Қытай",,D,test,-2.7141942977905273,-0.047617443820886445,-9.125,-7.59375,-6.729166507720947,-5.762499809265137,-5.424479007720947,-4.815848350524902,-3.8791232109069824,-3.5123047828674316,-3.1998403072357178,-2.713454008102417,-2.859375,-1.80078125,-1.328125,-0.9066406488418579,-0.7636311650276184,-0.6387764811515808,-0.456787109375,-0.38532716035842896,-0.31265535950660706,-0.14856895804405212
18094,https://itest.kz/ru/endless,STEM,Physics,High School,Russian,Physics (High School in rus),"Протон, прошедший ускоряющую разность потенциалов \(500\) В, влетает в однородное магнитное поле с магнитной индукцией \(0,4\) Тл и движется по окружности.
Определите радиус окружности, если заряд протона равен \(1,6\cdot10^{-19}\) Кл и масса – \(1,67\cdot10^{-27}\) кг.","\(\approx 0,8\) м",\(\approx8\) м,\(\approx8\) см,\(\approx8\) мм,,D,test,-1.0951048135757446,-0.003897170155073824,-5.918749809265137,-4.35546875,-3.357161521911621,-2.688232421875,-2.17822265625,-1.8216959238052368,-1.5636683702468872,-1.3687934875488281,-1.216705322265625,-1.0950348377227783,-2.9468750953674316,-1.7283446788787842,-1.149834156036377,-0.8555976748466492,-0.672896146774292,-0.5424443483352661,-0.4425611197948456,-0.3599582612514496,-0.28020596504211426,-0.19288848340511322
15209,https://itest.kz/ru/endless,STEM,Math,High School,Russian,Math (High School in rus),"Найдите производную функции.
\(y = {sin ^3}x + {cos ^3}x\)",\({\frac{2}{3}sin x\left( {sin x - cos2 x} \right)}\),\({\frac{3}{2}sin 2x\left( {sin x - cos x} \right)}\),\({\frac{3}{2}sin x\left( {sin x + cos x} \right)}\),\({\frac{1}{2}sin 2x\left( {sin x + cos x} \right)}\),,B,test,-2.0689404010772705,-0.02298822667863634,-6.0,-5.7265625,-5.453125,-4.545138835906982,-4.0,-3.452824592590332,-2.8828125,-2.603407144546509,-2.377148389816284,-2.0697646141052246,-2.6875,-2.2890625,-1.751953125,-1.1829427480697632,-0.9403852820396423,-0.7235952615737915,-0.485137939453125,-0.3685167133808136,-0.2730712890625,-0.14743970334529877
20429,https://itest.kz/ru/endless,Humanities,Russian_Literature,High School,Russian,Russian Literature (High School in rus),В цикл «Повестей Белкина» входит произведение А.С. Пушкина,«Капитанская дочка»,«Барышня-крестьянка»,«Дубровский»,«Полтава»,,B,test,-2.7588980197906494,-0.029349978933943078,-12.0,-7.739583492279053,-6.306250095367432,-5.5401787757873535,-4.94618034362793,-4.681250095367432,-4.130533695220947,-3.5464565753936768,-3.1041221618652344,-2.7592196464538574,-2.40625,-1.7513021230697632,-1.2839844226837158,-0.9222368597984314,-0.7057393193244934,-0.6279876828193665,-0.5037918090820312,-0.4030129611492157,-0.30637168884277344,-0.1814015656709671
20800,https://oltest.kz/tests/obshchestvennye_nauki/,"Social Science





",Social Science,University,Russian,Social Science (Professional & University in rus),"Как принято обозначать в социологическом исследовании противоречия между знаниями о потребностях людей в каких-то результативных практических или теоретических действий и не знаниям путей и средств их реализации
","гепотеза исследования
","обоснование выборки
","программа исследования
","проблема исследования
","цель исследования
",D,test,-3.0109965801239014,-0.01387556027706867,-10.71875,-9.125,-7.8526787757873535,-6.617598533630371,-5.765950679779053,-4.967537879943848,-4.323012351989746,-3.7802608013153076,-3.352442741394043,-3.0103566646575928,-2.828125,-2.2595486640930176,-1.8348214626312256,-1.4266164302825928,-1.1237436532974243,-0.912079930305481,-0.7453218102455139,-0.6057223081588745,-0.4751448333263397,-0.32996103167533875
18005,https://itest.kz/ru/endless,STEM,Physics,High School,Russian,Physics (High School in rus),"Чтобы за 6 с догнать грузик, движущийся со скоростью 17 м/с находящийся на расстоянии 156 м, автомобиль должен двигаться со скоростью",17 м/с,180 км/ч,16 км/ч,43 м/с,,D,test,-2.3581016063690186,-0.01582618527764442,-9.895833015441895,-7.8214287757873535,-6.764204502105713,-5.568749904632568,-4.6574835777282715,-3.93656587600708,-3.3900463581085205,-2.960646152496338,-2.623617172241211,-2.3545281887054443,-6.671875,-3.8705356121063232,-2.682173252105713,-1.9671101570129395,-1.5387701988220215,-1.2449394464492798,-1.0186926126480103,-0.828528642654419,-0.6764735579490662,-0.5187503099441528
9457,https://ymnik.kz/tests_old/history_kz/?v=68,Humanities,Kazakh_History,High School,Kazakh,Kazakh History (High School in kaz),1855 жылы шілдеде Есет батырдың тобы талқандаған күш,Сұлтан Жантөрин,Генерал-майор Фитингоф,Сұлтан Тайшық,Майор Булатов,Мырза Ахмет хан,A,test,-3.0655288696289062,-0.03444414460257198,-9.6875,-7.6484375,-6.629464149475098,-5.829861164093018,-5.013020992279053,-4.619419574737549,-4.26611328125,-3.809621810913086,-3.504092216491699,-3.0670535564422607,-3.171875,-1.994140625,-1.3429129123687744,-1.0930989980697632,-0.8316548466682434,-0.7034825086593628,-0.6032180786132812,-0.4349879324436188,-0.3234340250492096,-0.1695607453584671
7443,https://ymnik.kz/tests_old/geography/?v=2,Social Science,Geography,High School,Russian,Geography (High School in rus),Верхняя граница распространения лесов в Экваториальных Андах:,0-2800м.,2000-2300м.,3000-3200м.,1500-2000м.,1000-1500м.,C,test,-2.523984909057617,-0.026568262200606495,-7.4375,-6.59375,-5.8125,-5.4609375,-4.7783203125,-4.163281440734863,-3.8792612552642822,-3.301680326461792,-2.8619751930236816,-2.5252721309661865,-4.75,-2.08203125,-1.3845703601837158,-1.1466878652572632,-0.84796142578125,-0.661669909954071,-0.5856267809867859,-0.4433969259262085,-0.29781901836395264,-0.1414579451084137
13635,https://itest.kz/ru/endless,Humanities,Law,High School,Russian,Law (High School in rus),"Принцип правового государства, который носит первичный, комплексный, непроходящий и абсолютный характер:",Правовой защищенности человека и гражданина,Верховенства закона,Взаимной ответственности государства и личности,Разделения власти,,A,test,-3.1006462574005127,-0.02279886953970965,-10.09375,-8.8671875,-7.375,-6.583333492279053,-5.674479007720947,-5.1261162757873535,-4.58935546875,-3.91145396232605,-3.54150390625,-3.1004321575164795,-2.203125,-1.724609375,-1.3141740560531616,-1.1121962070465088,-0.8414790034294128,-0.7093745470046997,-0.6071529388427734,-0.4864100515842438,-0.4155316948890686,-0.2982419431209564
8941,https://ymnik.kz/tests_old/history_kz/?v=71,Humanities,Kazakh_History,High School,Kazakh,Kazakh History (High School in kaz),Шыңғыс ханның өзін қорғайтын жасауыл қалай аталған,”Уәзір”,”Түмен”,”Кешіктен”,”Батыр”,”Жасақ”,C,test,-2.2830591201782227,-0.027179275240216936,-6.84375,-5.7109375,-4.7589287757873535,-4.376736164093018,-3.8678386211395264,-3.5574777126312256,-3.259765625,-2.8309004306793213,-2.5914249420166016,-2.282465696334839,-2.7890625,-1.8447265625,-1.2279576063156128,-1.0110677480697632,-0.7491862177848816,-0.6042829155921936,-0.48162841796875,-0.3242701590061188,-0.2351655513048172,-0.1063232421875
6123,https://itest.kz/kz/endless,Social Science,Geography,High School,Kazakh,Geography (High School in kaz),Қазақстанның тұзға бай ауданын табыңыз.,Сарыарқа тауы,Мойынқұм шөлі,Бетпақдала үстірті,Каспий маңы ойпаты,,D,test,-2.2497458457946777,-0.030401970889117266,-6.3125,-5.395833492279053,-5.2265625,-4.544270992279053,-3.978515625,-3.7048611640930176,-3.209872245788574,-2.9918620586395264,-2.5725796222686768,-2.2519798278808594,-3.5625,-1.6927083730697632,-1.38818359375,-1.0159505605697632,-0.741943359375,-0.6434462070465088,-0.48606178164482117,-0.4073079526424408,-0.2668108344078064,-0.12213134765625
22575,https://ymnik.kz/tests_old/worldhistory/?v=28,Humanities,World_History,High School,Russian,World History (High School in rus),"Автор книги из ста рассказов ""Декамерон"":",Боккаччо,Шекспир,Сервантес,Петрарка,Рабле,A,test,-4.15910530090332,-0.057765351401435,-9.375,-8.328125,-7.770833492279053,-7.3671875,-7.0,-6.4375,-6.035714149475098,-5.61328125,-5.080295085906982,-4.158014297485352,-2.96875,-2.27734375,-1.9895833730697632,-1.7890625,-1.640625,-1.4967447519302368,-1.276123046875,-1.103668212890625,-0.9644368290901184,-0.6928489208221436
4872,https://oltest.kz/tests/ekonomika_i_predprinimatelstvo/,"Social Science





",Economics and Entrepreneurship ,University,Russian,Economics and Entrepreneurship (Professional in rus),"Коэффициент __________________ определяется делением суммы износа основных фондов на их первоначальную стоимость.
","годности
","вариации
","прироста
","обновления
","износа
",E,dev,-2.1583714485168457,-0.015987936655680338,-9.21875,-7.7578125,-6.231770992279053,-5.1630859375,-4.361718654632568,-3.7252604961395264,-3.2176339626312256,-2.8319091796875,-2.5172526836395264,-2.1576449871063232,-1.6875,-1.4296875,-0.9727070927619934,-0.7216262817382812,-0.5685364007949829,-0.4527028501033783,-0.342132568359375,-0.2529792785644531,-0.1763678640127182,-0.02338227815926075
3743,https://itest.kz/ru/endless,STEM,Chemistry,High School,Russian,Chemistry (High School in rus),"Чему равна масса 0,5 моль вещества\(X_3\) в цепочке превращений: \(CH_3COONa\xrightarrow{+NaOH(тв)} X_1\xrightarrow{+Cl_2(свет)}X_2\xrightarrow{+2Na,C_2H_5Cl}X_3\)?",50 г,22 г,42 г,36 г,,B,test,-1.9327049255371094,-0.010503831117049507,-8.598214149475098,-6.246874809265137,-5.0652174949646,-4.354948043823242,-3.727076530456543,-3.1724693775177,-2.7849903106689453,-2.435394763946533,-2.1561434268951416,-1.932431697845459,-3.802455425262451,-2.2677083015441895,-1.5413552522659302,-1.171392798423767,-0.9000741839408875,-0.700613260269165,-0.5644473433494568,-0.4397042691707611,-0.3320268392562866,-0.21347005665302277
12266,https://ymnik.kz/tests_old/literature_kz/?v=2,Humanities,Kazakh_Literature,High School,Kazakh,Kazakh Literature (High School in kaz),"Шернияз:Ар жақта Арынғазы дүмбірлеген,Байеке,  елің бар ма бүлдірмеген? – деп кімге айтқандығын анықтаңыз.",Жәнібекке.,Қарауылқожаға.,Баймағамбетке.,Жәңгірге.,Арынғазыға.,C,test,-3.5435023307800293,-0.023623348871866862,-9.162500381469727,-8.190625190734863,-7.16796875,-6.473958492279053,-5.774884223937988,-5.2529296875,-4.796452522277832,-4.312863349914551,-3.94189453125,-3.5423810482025146,-2.870312452316284,-2.174999952316284,-1.732177734375,-1.4535900354385376,-1.173701524734497,-0.9680709838867188,-0.7911673784255981,-0.6058264374732971,-0.4690704345703125,-0.30981898307800293
8251,https://itest.kz/ru/endless,STEM,Informatics,High School,Russian,Informatics (High School in rus),"К слову agent применили шифр Виженера с ключевым словом bank.
Укажи получившееся слово.",chsyw,chsxz,chsvw,chsyv,,D,test,-4.013067722320557,-0.031109052111012066,-15.041666984558105,-12.385416984558105,-9.88194465637207,-8.399739265441895,-7.226041793823242,-6.369357585906982,-5.659970283508301,-5.00982666015625,-4.457157611846924,-4.012475490570068,-4.96875,-3.5390625,-2.6184895038604736,-2.0345458984375,-1.6057943105697632,-1.3114149570465088,-1.0911458730697632,-0.91162109375,-0.7375578880310059,-0.5679687261581421
17548,https://itest.kz/kz/endless,STEM,Physics,High School,Kazakh,Physics (High School in kaz),"Амплитудасы \(5\) см, периоды \(4\) с және бастапқы фазасы \(\frac π4\) радиан болатын гармониялық тербелістің теңдеуі","\(x=0,5\sin\frac{\pi}4\)",\(x=5\sin(\frac{2\pi}4t+\frac{\pi}4)\),"\(x=0,5\sin(\frac{2\pi}4t+\frac{\pi}4)\)","\(x=0,05\sin(\frac{2\pi}4t+\frac{\pi}4)\)",,D,test,-1.783758282661438,-0.010745531823261675,-9.050000190734863,-6.276562690734863,-4.965624809265137,-4.111914157867432,-3.4214062690734863,-2.9332683086395264,-2.538839340209961,-2.229571580886841,-1.9825317859649658,-1.7842785120010376,-6.625,-3.7679686546325684,-2.5083088874816895,-1.867364525794983,-1.466528296470642,-1.1793334484100342,-0.9635358452796936,-0.7891876101493835,-0.6447726488113403,-0.5042797923088074
2505,https://oltest.kz/tests/biologiya/,STEM,Biology,University,Russian,Biology (Professional & University in rus),Понятие «охрана природных ресурсов» появилось:,"
в конце 18 — начале 19 века",50-80-х годах 20 века,в конце 19 — начале 20 века,"
в 30–х годах 20 века","
в середине 19 века",D,test,-2.960094690322876,-0.03523922250384376,-6.375,-6.3125,-6.03125,-5.7421875,-5.315625190734863,-4.809895992279053,-4.3917412757873535,-4.0,-3.590277671813965,-2.959561347961426,-1.484375,-1.33203125,-1.2473958730697632,-0.90234375,-0.6792968511581421,-0.5152994990348816,-0.392578125,-0.28759765625,-0.1966145783662796,0.015980113297700882
5819,https://oltest.kz/tests/obshcheobrazovatelnye_discipliny/,Others,General education disciplines,University,Russian,General Education Disciplines (Professional & University in rus),"Температурный режим хранения яблок определяют с учётом особенностей каждого помологического сорта и условий выращивания. Диапазон рекомендуемых температур:
","от 1 до +5°C
","от 0 до +1°C
","от -1 до +0°C
","от -4 до +4°C
","от -2 до +4°C
",E,test,-2.7585556507110596,-0.014751634495781067,-9.135416984558105,-7.28125,-6.229166507720947,-5.526041507720947,-4.90625,-4.337239742279053,-3.889880895614624,-3.4463908672332764,-3.065460205078125,-2.759173631668091,-3.2994792461395264,-2.1282551288604736,-1.5909287929534912,-1.2170308828353882,-0.9633219242095947,-0.7871161699295044,-0.6412353515625,-0.5111134648323059,-0.3947889506816864,-0.2761434018611908
9238,https://ymnik.kz/tests_old/history_kz/?v=17,Humanities,Kazakh_History,High School,Kazakh,Kazakh History (High School in kaz),1991 ж. І жартысында Қазақстанда қанша біріккен кәсіпорындар тіркелді?,20 кәсіпорын.,25 кәсіпорын.,30 кәсіпорын.,35 кәсіпорын.,50 кәсіпорын.,D,test,-2.317009925842285,-0.022066761198497955,-9.458333015441895,-7.640625,-6.329861164093018,-5.162259578704834,-4.51708984375,-3.94963002204895,-3.31258487701416,-2.938457727432251,-2.637918472290039,-2.3186423778533936,-2.8802082538604736,-2.0514323711395264,-1.6013455390930176,-1.1024075746536255,-0.8767852783203125,-0.7079692482948303,-0.5398373603820801,-0.4361572265625,-0.32974979281425476,-0.18798089027404785
12298,https://ymnik.kz/tests_old/literature_kz/?v=50,Humanities,Kazakh_Literature,High School,Kazakh,Kazakh Literature (High School in kaz),"Арғымаққа оқ тиді,Қыл майқанның..,Аймадетке оқ тиді,Отыз екі омыртқаның буынынан, - өлеңінің тармақтағы жалғасын табыңыз.",Жанынан.,Тұсынан.,Түбінен.,Алдынан.,Артынан.,C,test,-3.434647798538208,-0.022448678421818354,-10.28125,-8.598958015441895,-7.472222328186035,-6.704427242279053,-6.058854103088379,-5.454427242279053,-4.874070167541504,-4.326253414154053,-3.875433921813965,-3.4358906745910645,-4.442708492279053,-3.126953125,-2.4524738788604736,-2.0040690898895264,-1.6418782472610474,-1.3456963300704956,-1.1132056713104248,-0.9238840937614441,-0.7629982233047485,-0.5882228016853333
17233,https://itest.kz/kz/endless,STEM,Physics,High School,Kazakh,Physics (High School in kaz),Біратомды идеал газдың ішкі энергиясын анықтауға арналған формуладағы коэффициент,\(\frac52\),\(\frac72\),\(\frac32\),\(\frac54\),,C,test,-2.6619768142700195,-0.021999808382396856,-9.90625,-7.962500095367432,-6.901785850524902,-5.845312595367432,-5.04807710647583,-4.510156154632568,-3.837782144546509,-3.4593262672424316,-3.009122133255005,-2.6619157791137695,-4.96875,-3.3453125953674316,-2.5636160373687744,-1.873388648033142,-1.434542179107666,-1.2354085445404053,-0.9980400800704956,-0.8613220453262329,-0.68715500831604,-0.5199772715568542
13508,https://itest.kz/ru/endless,Humanities,Law,High School,Russian,Law (High School in rus),"Функция политической культуры, которая реализуется через приобщение к навыкам политического поведения",Функция интеграции,Функция идентификации,Функция ориентации,Функция адаптации и социализации,,D,test,-3.186302900314331,-0.02549042320251465,-12.375,-9.083333015441895,-7.487500190734863,-6.59375,-5.795138835906982,-5.425000190734863,-4.685546875,-4.095145225524902,-3.584707260131836,-3.186406373977661,-2.203125,-1.6783853769302368,-1.2898437976837158,-1.03515625,-0.8045925498008728,-0.719470202922821,-0.5812479853630066,-0.4645908772945404,-0.34780120849609375,-0.2138875275850296
20554,https://itest.kz/ru/endless,Humanities,Russian_Literature,High School,Russian,Russian Literature (High School in rus),"Музыкант, Продавец, Старик, Книгоноша, Барин – образы-персонажи сказки",А. И. Куприна «Синяя звезда»,П. П. Бажова «Каменный цветок»,С. Я. Маршака «Умные вещи»,М. М. Пришвина «Кладовая солнца»,,C,test,-3.1982421875,-0.029074928977272728,-10.859375,-8.231249809265137,-7.28125,-6.376562595367432,-5.61057710647583,-5.119791507720947,-4.466579914093018,-4.100781440734863,-3.6140880584716797,-3.2005839347839355,-2.48046875,-1.6015625,-1.3016183376312256,-0.95068359375,-0.716477632522583,-0.5969889163970947,-0.4487711489200592,-0.36473387479782104,-0.23427946865558624,-0.11004169285297394
4195,https://itest.kz/ru/endless,STEM,Chemistry,High School,Russian,Chemistry (High School in rus),"Чему равна сумма молярных масс (г/моль) солей, которые гидролизуются по катиону: \(K_2S, ZnCl_2,Fe(NO_3)_2,Na_2CO_3,NaCl?\)",216,316,244,"194,5",,B,test,-1.6133953332901,-0.009898130879080369,-7.625,-5.612215995788574,-4.61376953125,-3.78515625,-3.1275112628936768,-2.7032432556152344,-2.311711311340332,-2.053524971008301,-1.8078789710998535,-1.6141777038574219,-3.651562452316284,-1.9425603151321411,-1.3361740112304688,-0.9619473814964294,-0.73828125,-0.6044921875,-0.47280648350715637,-0.3756214380264282,-0.271484375,-0.1630859375
2645,https://oltest.kz/tests/biologiya/,STEM,Biology,University,Russian,Biology (Professional & University in rus),Как называется структурная и функциональная единица почек,"
ацинус","
фибробласт",альвеола,гистиоцит,"
нефрон",E,test,-2.840458869934082,-0.032648952527977955,-9.25,-9.25,-7.65625,-6.927083492279053,-6.10546875,-4.985937595367432,-4.230143070220947,-3.655971050262451,-3.1999473571777344,-2.84439754486084,-1.515625,-1.515625,-1.31640625,-1.1002603769302368,-0.81304931640625,-0.6331542730331421,-0.4543863832950592,-0.3239048421382904,-0.223114013671875,-0.1180284321308136
3459,https://itest.kz/kz/endless,STEM,Chemistry,High School,Kazakh,Chemistry (High School in kaz),"Берілген айналуларда:
KOH + X → Y+Z+H\(_2\)O
Z  \(\stackrel{\mathrm{t,cat}}\longrightarrow\) Y+O\(_2\);
KI + X→Y + I\(_2\) 
құрамында галоген бар Х және У заттардың молярлық массаларының (\(\frac{г}{моль}\)) қосындысы.",71,"74,5","35,5","145, 5",,D,test,-2.4067115783691406,-0.009185922054844049,-8.5625,-6.851190567016602,-5.916330814361572,-5.14248514175415,-4.4733195304870605,-3.9314236640930176,-3.4202780723571777,-3.0318195819854736,-2.6860363483428955,-2.4077372550964355,-4.340624809265137,-2.9375,-2.2709174156188965,-1.7662062644958496,-1.400339961051941,-1.1587728261947632,-0.9480013251304626,-0.7914544939994812,-0.6456183195114136,-0.49997925758361816
21827,https://itest.kz/kz/endless,Humanities,World_History,High School,Kazakh,World History (High School in kaz),Ежелгі Хетт мемлекеті қазіргі мына елдің территориясында орналасқан:,Иран,Түркия,Сирия,Ирак,,B,test,-1.9078761339187622,-0.019271476100189516,-8.0,-6.512499809265137,-5.542410850524902,-4.553906440734863,-3.741887092590332,-3.285937547683716,-2.7530245780944824,-2.4792723655700684,-2.1572399139404297,-1.908327579498291,-2.01171875,-1.4578125476837158,-1.2248884439468384,-0.8586791753768921,-0.6467379331588745,-0.5450114011764526,-0.4320949912071228,-0.3650573790073395,-0.26504650712013245,-0.16129714250564575
10294,https://ymnik.kz/tests_old/history/?v=33,Humanities,Kazakh_History,High School,Russian,Kazakh History (High School in rus),В каких районах Казахстана после подавления восстания Е. Пугачева состоялись массовые выступления шаруа?,на Сырдарье,в Восточном Казахстане,в Младшем жузе,в Центральном Казахстане,в Семиречье.,C,test,-3.3680732250213623,-0.025710482633750857,-10.0,-8.612500190734863,-7.986607074737549,-6.996874809265137,-6.4375,-5.480729103088379,-4.915900707244873,-4.205542087554932,-3.8253228664398193,-3.3669066429138184,-2.48828125,-1.6749999523162842,-1.4135044813156128,-1.0334961414337158,-0.8615519404411316,-0.6720540523529053,-0.5746639370918274,-0.4400268495082855,-0.35243919491767883,-0.21311523020267487
21246,https://ymnik.kz/tests_old/worldhistory_kz/?v=7,Humanities,World_History,High School,Kazakh,World History (High School in kaz),Ежелгі Грецияда бүкіл эллиндерді (гректерді) біріктіретін мереке.,Шарап жасау мерекесі.,Егін ору мерекесі.,Олимпия ойындары.,Жүзім жинау мерекесі.,Зевстің туған күнін тойлау.,C,test,-2.0458121299743652,-0.02153486452604595,-9.0,-6.775000095367432,-5.361328125,-4.642968654632568,-3.902644157409668,-3.343994140625,-3.0289714336395264,-2.61767578125,-2.2977294921875,-2.0435733795166016,-2.0390625,-1.33984375,-0.9048614501953125,-0.71002197265625,-0.5077843070030212,-0.36618804931640625,-0.2858954668045044,-0.1756708025932312,-0.0777028426527977,0.024680808186531067
11059,https://ymnik.kz/tests_old/kazakh_kz/?v=28,Language,Kazakh_Language,High School,Kazakh,Kazakh Language (High School in kaz),Қосарлама қос сөзді көрсетіңіз.,"Көкпеңбек, қолма - қол.","Үйір - үйір, бала - шаға.","Шегара, құрбы - құрдас.","Саяси - көпшілік, итмұрын.","Киім - кешек, оқта - текте.",E,test,-2.9431262016296387,-0.04265400292216868,-10.5,-8.458333015441895,-7.4375,-6.307291507720947,-5.365234375,-4.90625,-4.174360752105713,-3.8616535663604736,-3.351841449737549,-2.944915771484375,-3.0,-2.359375,-1.86669921875,-1.2910970449447632,-0.920654296875,-0.7858073115348816,-0.5743963122367859,-0.4928385317325592,-0.3443080484867096,-0.20361328125
11541,https://itest.kz/kz/endless,Language,Kazakh_Language,High School,Kazakh,Kazakh Language (High School in kaz),Қысаң дауыстыдан жасалған көнерген сөз,Күні,Старшын,Отарба,Қорамсақ,,A,test,-3.0570547580718994,-0.043057109268618304,-9.625,-9.020833015441895,-8.074999809265137,-6.832589149475098,-5.684895992279053,-5.208593845367432,-4.481119632720947,-3.9033203125,-3.437255859375,-3.058727741241455,-3.5625,-3.2552082538604736,-2.680468797683716,-2.0167758464813232,-1.5377333164215088,-1.3460693359375,-1.04669189453125,-0.8003453016281128,-0.6058197021484375,-0.4330376386642456
6541,https://ymnik.kz/tests_old/geography_kz/?v=22,Social Science,Geography,High School,Kazakh,Geography (High School in kaz),Темір кен қоры мол мемлекет:,Мексика.,Бразилия.,Аргентина.,Венесуэла.,Перу.,B,test,-3.078162908554077,-0.05596659833734686,-7.59375,-6.828125,-6.28125,-5.8671875,-5.2734375,-4.997767925262451,-4.544921875,-4.074652671813965,-3.693164110183716,-3.0782852172851562,-1.4140625,-1.2265625,-1.1328125,-0.9931640625,-0.74566650390625,-0.6317487359046936,-0.5444183349609375,-0.4444308876991272,-0.35955810546875,-0.1855366975069046
10739,https://ymnik.kz/tests_old/kazakh_kz/?v=24,Language,Kazakh_Language,High School,Kazakh,Kazakh Language (High School in kaz),Тыныс белгісі дұрыс қойылған сөйлемді анықтаңыз.,"О, шіркін, осы ән ғой құлақтан кіріп бойды алар.","“О, шіркін, осы ән ғой, құлақтан кіріп бойды алар!”","О, шіркін, осы ән ғой, құлақтан кіріп бойды алар!","О, шіркін, осы ән ғой “құлақтан кіріп бойды алар”!","О, шіркін, осы ән ғой “құлақтан кіріп бойды алар!”",E,test,-1.4155527353286743,-0.01645991552707761,-7.546875,-5.703125,-4.1875,-3.5334200859069824,-2.7849934101104736,-2.4144809246063232,-2.118865966796875,-1.787559151649475,-1.6180565357208252,-1.4157994985580444,-2.3125,-1.37646484375,-0.7688336968421936,-0.5858290195465088,-0.4104410707950592,-0.3258579671382904,-0.254852294921875,-0.16444797813892365,-0.1058175191283226,-0.00933837890625
18821,https://ymnik.kz/tests_old/russian/?v=44,Humanities,Russian_Language,High School,Russian,Russian Language (High School in rus),"Укажите ряд, в котором нет синонимов.","Красный, алый, кумачовый, рубиновый.","Противник, недруг, враг.","Нелепость, вздор, чепуха, ерунда.","Весна, зима, утро, вечер.","Блестеть, сверкать, сиять.",D,test,-2.5209248065948486,-0.03707242362639483,-6.75,-6.65625,-6.395833492279053,-5.79296875,-4.849999904632568,-4.1083984375,-3.5611050128936768,-3.142333984375,-2.798285484313965,-2.521533250808716,-0.3125,-0.175048828125,-0.11669921875,-0.063232421875,-0.01640624925494194,0.02034505270421505,0.0796595960855484,0.1287841796875,0.1804470419883728,0.22177734971046448
12347,https://itest.kz/kz/endless,Humanities,Kazakh_Literature,High School,Kazakh,Kazakh Literature (High School in kaz),«Ердің құнын екі ауыз сөзбен бітіретін» өнер иесі кімдер екенін көрсетіңіз.,Жыраулар,Күйшілер,Шешендер,Ақындар,,C,test,-2.5372543334960938,-0.023277562692624713,-6.947916507720947,-5.8526787757873535,-5.509375095367432,-4.9933037757873535,-4.501736164093018,-4.13876485824585,-3.612968683242798,-3.241908550262451,-2.85052490234375,-2.538031578063965,-3.1145832538604736,-1.9871652126312256,-1.571679711341858,-1.1904994249343872,-0.9083048701286316,-0.7556675672531128,-0.591870129108429,-0.4955313503742218,-0.3871421813964844,-0.2651333212852478
7306,https://ymnik.kz/tests_old/geography/?v=142,Social Science,Geography,High School,Russian,Geography (High School in rus),Какова численность населения Австралийского Союза?,Более 100 млн. чел.,Более 20 млн. чел.,Более 10 млн. чел.,"15,5 млн. чел.",",5 млн. чел.",D,test,-2.5250203609466553,-0.02970612189349006,-7.90625,-6.984375,-6.0625,-5.4609375,-4.603125095367432,-3.984375,-3.4857699871063232,-3.111328125,-2.8046875,-2.524218797683716,-4.65625,-3.4921875,-2.78125,-2.1650390625,-1.7272217273712158,-1.37066650390625,-1.1154261827468872,-0.9210662841796875,-0.7423366904258728,-0.562634289264679
21017,https://itest.kz/kz/endless,Humanities,World_History,High School,Kazakh,World History (High School in kaz),Үндістанда алғашқы қалалардың қалыптасқан кезеңі,Б.з.д III мыңжылдықтың аяғында,Б.з.д. II мыңжылдықтың басында,Б.з.д. V мыңжылдықтың ортасында,Б.з.д. IV мыңжылдықтың ортасында,,B,test,-1.3525856733322144,-0.01649494723575871,-5.859375,-4.85546875,-3.7767856121063232,-3.190972328186035,-2.5807292461395264,-2.2794363498687744,-2.012603759765625,-1.7059261798858643,-1.545299768447876,-1.3527857065200806,-5.08203125,-2.6995849609375,-1.5181623697280884,-1.1517130136489868,-0.8037261962890625,-0.6435677409172058,-0.5194206237792969,-0.36154335737228394,-0.2636806070804596,-0.12818145751953125
11079,https://itest.kz/kz/endless,Language,Kazakh_Language,High School,Kazakh,Kazakh Language (High School in kaz),Тура мағынада қолданылып тұрған сөз,Таңда пісірген сүтім ұйып қалды.,Сүттей ұйыған отбасы емес пе?,Жиналғандар күйді ұйып тыңдады.,Олар айрандай ұйып отыр ғой!,,A,test,-2.8153669834136963,-0.03910231921407911,-10.75,-8.541666984558105,-6.84375,-6.328125,-5.4453125,-4.715624809265137,-4.3049540519714355,-3.6650390625,-3.1854166984558105,-2.814725875854492,-2.625,-2.1588542461395264,-1.4757812023162842,-1.255859375,-0.9053955078125,-0.6815429925918579,-0.5978338122367859,-0.46356672048568726,-0.3529296815395355,-0.2239774763584137
13806,https://oltest.kz/tests/menedzhment_i_marketing/,"Social Science





",Management and Marketing ,University,Russian,Management and Marketing (Professional & University in rus),"Система управления организацией на текущий период времени — это:
","Миссия организации
","Целеполагание
","Оперативное планирование
","Стратегическое планирование
","Адаптация к внешней среде
",C,test,-3.0323057174682617,-0.028879102071126303,-9.0625,-8.15625,-7.0,-5.828125,-5.348958492279053,-4.955357074737549,-4.216145992279053,-3.8472657203674316,-3.537997245788574,-3.033616304397583,-2.28125,-1.67578125,-1.2278646230697632,-0.8304687738418579,-0.6344401240348816,-0.494140625,-0.2641059160232544,-0.18027344346046448,-0.10458096861839294,0.08819110691547394
2985,https://itest.kz/kz/endless,STEM,Chemistry,High School,Kazakh,Chemistry (High School in kaz),Қай реакция нәтижесінде су түзіледі?,ZnO+Na\(_2\)O→,Zn+HCl→,Zn(OH)\(_2\)+NaOH→,Zn+H\(_2\)O→,,C,test,-2.0824947357177734,-0.02740124652260228,-12.9375,-8.677083015441895,-6.462500095367432,-5.61328125,-4.3916015625,-3.531201124191284,-3.2150213718414307,-2.722785472869873,-2.3597474098205566,-2.082129955291748,-2.984375,-1.6458333730697632,-0.976916491985321,-0.806610107421875,-0.5854263305664062,-0.432891845703125,-0.3697454333305359,-0.26493483781814575,-0.15369872748851776,-0.03520292416214943
6232,https://itest.kz/kz/endless,Social Science,Geography,High School,Kazakh,Geography (High School in kaz),Экватордан полюстерге қарай табиғат зоналарының алмасуы,Ендік зоналылық,Бойлықпен,Меридианмен,Тұтастығы,,A,test,-2.1759283542633057,-0.02417698171403673,-10.90625,-7.609375,-6.041666507720947,-5.09765625,-4.31640625,-3.7024738788604736,-3.2201449871063232,-2.84429931640625,-2.5413410663604736,-2.1786630153656006,-2.83203125,-1.5977783203125,-1.0472005605697632,-0.766357421875,-0.572070300579071,-0.4171549379825592,-0.2958984375,-0.2001953125,-0.1215277761220932,0.0126488097012043
7442,https://ymnik.kz/tests_old/geography/?v=1,Social Science,Geography,High School,Russian,Geography (High School in rus),"Одно из широко распространенных деревьев Австралии - эвкалипт, гигантские из которых достигают высоты до 100 м. Определите, на какую глубину уходят его корни.","0,1-0,5 м.",-20 м.,5-10 м.,До 30м.,2-4 м.,D,test,-2.044382333755493,-0.01142113035617594,-7.7734375,-6.53125,-5.32421875,-4.50634765625,-3.913281202316284,-3.3876953125,-2.9732143878936768,-2.614837646484375,-2.3264498710632324,-2.0433058738708496,-1.3046875,-1.04833984375,-0.7866719365119934,-0.5751419067382812,-0.43723756074905396,-0.3333180844783783,-0.2400120347738266,-0.15636062622070312,-0.0795254185795784,0.035260457545518875
