question,choice_A,choice_B,choice_C,choice_D,answer,category,split,loss,zlib,mink_0.1,mink_0.2,mink_0.3,mink_0.4,mink_0.5,mink_0.6,mink_0.7,mink_0.8,mink_0.9,mink_1.0,minkpp_0.1,minkpp_0.2,minkpp_0.3,minkpp_0.4,minkpp_0.5,minkpp_0.6,minkpp_0.7,minkpp_0.8,minkpp_0.9,minkpp_1.0
Which of the following is not an application layer protocol?, resource reservation protocol, None of the other choices, media gateway protocol, session initiation protocol,A,,val,-2.154212474822998,-0.03474536249714513,-10.0,-6.90625,-5.3125,-4.4609375,-3.903125047683716,-3.4934895038604736,-3.0502231121063232,-2.6912841796875,-2.3956706523895264,-2.15765380859375,-7.4375,-3.67431640625,-2.4108073711395264,-1.771728515625,-1.388281226158142,-1.1326497793197632,-0.9147600531578064,-0.7286376953125,-0.5456814169883728,-0.3426757752895355
What are examples of current limiting reactors?, any of the above., oil immersed magnetically shielded, oil immersed non-magnetically shielded," air cooled, air cored",A,,val,-4.686306953430176,-0.08520558097145774,-8.6875,-8.6875,-8.53125,-8.53125,-8.25,-7.5390625,-7.5390625,-6.362500190734863,-5.47265625,-4.691959857940674,-3.390625,-3.390625,-2.33203125,-2.33203125,-1.693359375,-1.35009765625,-1.35009765625,-1.061621069908142,-0.8026530146598816,-0.5886579155921936
What is the homomorphism of a regular set?, Non regular set, None of the other choices, Regular set, Null set,B,,val,-3.321420192718506,-0.06919625401496887,-9.625,-7.890625,-7.302083492279053,-6.23046875,-5.581250190734863,-5.078125,-4.5848212242126465,-4.12548828125,-3.6861979961395264,-3.3206543922424316,-1.59375,-1.234375,-0.9270833134651184,-0.7509765625,-0.5746093988418579,-0.4539388120174408,-0.3371930718421936,-0.2120361328125,-0.1081814244389534,-0.02392578125
Which of the following hormones is not produced by the human placenta?, Human chorionic gonadotropin, Estrogen, Prolactin, Progesterone,C,,val,-1.8162362575531006,-0.025580792359902824,-7.4375,-5.890625,-4.927083492279053,-4.03125,-3.6770832538604736,-3.2628347873687744,-2.610460042953491,-2.35693359375,-2.145463466644287,-1.8165847063064575,-1.1328125,-0.736328125,-0.5044758915901184,-0.271728515625,-0.2021891325712204,-0.1391252726316452,-0.0339898020029068,0.01491699181497097,0.060080789029598236,0.2287221997976303
Why is shrinkage allowance provided on the pattern in any casting process?, The temperature of metal drops from its pouring temperature to room temperature, The temperature of solid phase drops from its freezing temperature to room temperature, The temperature of the liquid metal drops from the pouring to its freezing temperature, The metal changes from the liquid to the solid state at its freezing temperature,B,,val,-3.591745615005493,-0.04988535576396518,-11.5,-10.09375,-8.947916984558105,-7.259375095367432,-6.513020992279053,-5.877232074737549,-4.92274284362793,-4.550000190734863,-4.217329502105713,-3.591871976852417,-2.0625,-1.953125,-1.9010416269302368,-1.657812476158142,-1.3258463144302368,-1.0867745876312256,-0.732421875,-0.5990234613418579,-0.4650213122367859,-0.22881610691547394
Which of these structures is located on the dorsal side of a male cockroach?, Anus, Male genital pore, Gonapophysis, Foreleg,A,,val,-2.3778817653656006,-0.03446205457051595,-6.3125,-5.614583492279053,-5.1875,-4.572916507720947,-4.252232074737549,-3.703125,-3.4390625953674316,-2.9496257305145264,-2.731783390045166,-2.3755125999450684,-2.90625,-1.3014322519302368,-1.048828125,-0.701171875,-0.5837751030921936,-0.3859049379825592,-0.313720703125,-0.1802164763212204,-0.10265174508094788,0.08655598759651184
Which of the following models is commonly utilized in the macroscopic approach?, Mesoscopic Simulation Models, Macroscopic Simulation Models, Travel Demand Models, Greenshields model,D,,val,-2.9237864017486572,-0.038470873707219175,-9.4375,-8.53125,-7.416666507720947,-5.8125,-5.161458492279053,-4.684151649475098,-3.964409828186035,-3.6937499046325684,-3.4495737552642822,-2.922429084777832,-2.28125,-1.9296875,-1.7552083730697632,-1.362890601158142,-1.1538900136947632,-0.9724469780921936,-0.6668294072151184,-0.534130871295929,-0.4014115631580353,-0.11790113896131516
"In a zone-based firewall setup, how is traffic managed between interfaces that belong to the same zone?", Traffic between interfaces in the same zone is always blocked., None of the other choices, Traffic between two interfaces in the same zone is allowed by default., Traffic between interfaces in the same zone is blocked unless you apply a service policy to the zone pair.,C,,val,-2.6244640350341797,-0.029160711500379775,-10.8125,-7.927083492279053,-6.434374809265137,-5.421875,-4.6640625,-4.1477274894714355,-3.695913553237915,-3.274218797683716,-2.9345128536224365,-2.6264326572418213,-1.609375,-1.1927083730697632,-0.887402355670929,-0.6426566243171692,-0.4841105043888092,-0.34806129336357117,-0.22870811820030212,-0.11956787109375,-0.032201431691646576,0.054247405380010605
What was the primary point of contention between the Congress and the Muslim League regarding the Cabinet Mission Plan?," The Congress felt that the grouping of the provinces was optional, while the League was of the view that it was compulsory.", The provinces be given the right to modify the union constitution., The interim government be not formed till it was acceptable to the League, The League felt that the basis of Pakistan was implied in the grouping of provinces.,A,,val,-2.059330463409424,-0.020389410528806176,-10.3125,-7.864583492279053,-6.03125,-4.925223350524902,-4.091145992279053,-3.4485085010528564,-2.963792085647583,-2.589322805404663,-2.2935431003570557,-2.0573344230651855,-3.0625,-1.0738729238510132,-0.5788940191268921,-0.3498796820640564,-0.2138604074716568,-0.10395396500825882,-0.01599590666592121,0.06426188349723816,0.14080092310905457,0.24686793982982635
"Adler, in contrast to Jung, believed that psychological health was connected to ______.", the abilities to love and work, None of the other choices, compensation for feelings of inferiority, differentiation of the self,C,,val,-2.818267583847046,-0.034369116876183485,-6.40625,-5.760416507720947,-5.5390625,-5.028645992279053,-4.62109375,-4.385416507720947,-3.885653495788574,-3.673828125,-3.199916362762451,-2.817596435546875,-1.34375,-0.95703125,-0.8095703125,-0.56878662109375,-0.3920440673828125,-0.3159315288066864,-0.19137296080589294,-0.1438496857881546,-0.0415475033223629,0.07839202880859375
What is taxonomy based on chromosomal number and characteristics called?, Cytotaxonomy, Chemotaxonomy, Serotaxonomy, Molecular taxonomy,A,,val,-4.142455577850342,-0.058344444758455516,-13.125,-12.90625,-10.708333015441895,-9.2578125,-7.990624904632568,-7.125,-6.3660712242126465,-5.68408203125,-5.058431148529053,-4.147039413452148,-6.78125,-5.328125,-4.802083492279053,-3.68701171875,-3.0062499046325684,-2.4917805194854736,-2.111537456512451,-1.82135009765625,-1.5947808027267456,-1.1673916578292847
A compact object with __________ could indicate the presence of a black hole in a binary system.," a hot, x-ray emitting accretion disk.", zero mass and no emitted light., repeated nova bursts., None of the other choices,A,,val,-2.753464937210083,-0.032779344490596225,-14.25,-9.895833015441895,-8.09375,-6.449776649475098,-5.204427242279053,-4.758593559265137,-4.03955078125,-3.517299175262451,-3.09783935546875,-2.7536349296569824,-6.4375,-3.1067707538604736,-2.208203077316284,-1.5657784938812256,-1.1689453125,-1.016699194908142,-0.7691243290901184,-0.5839146375656128,-0.43328857421875,-0.2948676347732544
At what point should you cease the preparation of a sterile field for an operating room surgical procedure?, When you have completely finished the field. You can’t stop the set up until it is all done., When you have accidentally poured a sterile liquid into a container that was placed on the sterile field., When you have put a sterile item only 1 inch and not 2 inches from the edge of the sterile field., When you turn your upper body only away from the field because the surgeon calls your name.,D,,val,-2.8391294479370117,-0.03154588275485569,-7.34375,-6.989583492279053,-6.050000190734863,-5.189732074737549,-4.659722328186035,-4.442187309265137,-3.9830729961395264,-3.546875,-3.1610107421875,-2.8381075859069824,-2.0625,-0.984375,-0.6415039300918579,-0.4613211452960968,-0.3282606303691864,-0.25969237089157104,-0.14202880859375,-0.0424979068338871,0.0531463623046875,0.1548801064491272
Which of the following statements regarding reproduction in Gymnosperms is inaccurate?, Microsporangium contain microsporocytes that undergo meiosis to form microspores, None of the other choices, Microgametophyte is also called as Pollen grain, Microspores further undergo reduction division to form microgametophyte,D,,val,-2.535456657409668,-0.03092020313914229,-9.4375,-8.6875,-8.15625,-5.953125,-5.278645992279053,-4.662388324737549,-3.649793863296509,-3.287890672683716,-2.991787910461426,-2.53330397605896,-4.65625,-2.87109375,-2.2578125,-1.535546898841858,-1.26025390625,-1.0594308376312256,-0.7834201455116272,-0.6722656488418579,-0.5791903138160706,-0.3188101053237915
The dry cleaning of clothing generates air pollutants. How does this affect the equilibrium price in the market for dry cleaning services?," is too high to be optimal, and equilibrium quantity is too low.", and output are too low to be optimal.," is too low to be optimal, and equilibrium quantity is too high.", and output are too high to be optimal.,C,,val,-2.9542396068573,-0.027354070433863887,-8.84375,-8.03125,-7.083333492279053,-6.03993034362793,-5.349431991577148,-4.775240421295166,-4.09228515625,-3.705078125,-3.371875047683716,-2.95357084274292,-2.24609375,-1.822265625,-1.443359375,-0.9183485507965088,-0.6835493445396423,-0.518141508102417,-0.337371826171875,-0.238037109375,-0.15485839545726776,-0.04464589059352875
Who was the winner of the 2018 Formula-1 Chinese Grand Prix?, Valtteri Bottas, None of the other choices, Daniel Ricciardo, Kimi Raikkonen,C,,val,-2.3498618602752686,-0.03671659156680107,-11.8125,-8.21875,-6.543749809265137,-5.84375,-4.70068359375,-3.9066405296325684,-3.588778495788574,-3.061110258102417,-2.6600584983825684,-2.3484747409820557,-3.546875,-1.4348958730697632,-0.8950439691543579,-0.74005126953125,-0.5110931396484375,-0.3638549745082855,-0.3064519762992859,-0.19244854152202606,-0.0769449844956398,0.028155159205198288
What type of epithelium lines the inner walls of blood vessels?, Ciliated columnar epithelium, None of the other choices, Cuboidal epithelium, Columnar epithelium,B,,val,-2.100701093673706,-0.03182880444960161,-8.4375,-6.734375,-5.916666507720947,-5.03125,-4.322916507720947,-3.810825824737549,-3.025499105453491,-2.7267823219299316,-2.480302333831787,-2.098717212677002,-1.515625,-1.23828125,-1.0455728769302368,-0.696704089641571,-0.57562255859375,-0.4756033718585968,-0.3102349042892456,-0.24171142280101776,-0.1714422106742859,-0.020066481083631516
"You need to use a grinder, cut-off saw, cartridge tool or nail gun. What type of eye protection will you need? Give one answer", Welding goggles, Impact-resistant goggles or full face shield, None of the other choices, Reading glasses or sunglasses,B,,val,-3.803955554962158,-0.035550986494973444,-12.1875,-10.274999618530273,-8.66796875,-7.613636493682861,-6.6941962242126465,-6.11279296875,-5.383223533630371,-4.777521133422852,-4.255273342132568,-3.8044912815093994,-5.046875,-3.6390624046325684,-2.6875,-2.1207387447357178,-1.720703125,-1.485687255859375,-1.2130191326141357,-0.9990456104278564,-0.81689453125,-0.6530587077140808
"The plaintiff witnesses the defendant's child fall into the water and rescues the child from drowning. Subsequently, the defendant promises to pay him ₹ 1,000. Which of the following statements is correct in this context?", The defendant's liability arises in quasi contract., The defendant is liable because the agreement is not nudum pactum, The defendant's liability arises in contingent contract, The defendant is not liable as there is no contract,B,,val,-2.057041883468628,-0.012697789404127333,-8.515625,-6.61805534362793,-5.486778736114502,-4.46484375,-3.7571332454681396,-3.332899332046509,-2.8975830078125,-2.6096463203430176,-2.305354356765747,-2.0569498538970947,-2.109375,-1.3190103769302368,-0.9384577870368958,-0.6428629755973816,-0.46128779649734497,-0.34455475211143494,-0.22309112548828125,-0.14166259765625,-0.05245450511574745,0.05472465232014656
What is the cause of Itai-itai disease?, Cu poisoning, Hg poisoning, None of the other choices, Cd poisoning,B,,val,-2.4346818923950195,-0.054104042053222653,-13.0,-10.265625,-7.552083492279053,-5.8916015625,-4.821875095367432,-4.046875,-3.47314453125,-3.0428466796875,-2.706475257873535,-2.4358277320861816,-2.203125,-1.5,-0.9985859990119934,-0.7187881469726562,-0.5435851812362671,-0.4245046079158783,-0.3119637668132782,-0.20412063598632812,-0.0998433455824852,0.01873474195599556
What method(s) do business economists use to maintain an optimum inventory level?, Simple simulation exercises, ABC Analysis, Mathematical models, All of the above,D,,val,-4.066461563110352,-0.05350607319882041,-8.375,-8.3125,-7.65625,-7.506249904632568,-6.861607074737549,-6.470703125,-6.067708492279053,-5.135298252105713,-4.743326663970947,-4.069510459899902,-3.53125,-2.8984375,-2.1015625,-1.9187500476837158,-1.6010044813156128,-1.438232421875,-1.2747938632965088,-0.9829989075660706,-0.8516032099723816,-0.624755859375
What is the function of the DC bus voltage control in a VFD?, To control the motor’s speed, To control the VFD’s output voltage, To control the VFD’s efficiency, To control the VFD’s input voltage,B,,val,-2.517691135406494,-0.03933892399072647,-7.75,-6.34375,-5.3203125,-5.056250095367432,-4.325892925262451,-3.9814453125,-3.640191078186035,-3.092684745788574,-2.8828125,-2.513671875,-0.373046875,-0.2061767578125,-0.09063720703125,-0.00961914099752903,0.0935756117105484,0.135345458984375,0.1700032502412796,0.22414328157901764,0.25201416015625,0.3103201687335968
Which of the following is not a type of Non-Performing Asset?, Substandard Assets, Loss Assets, Devaluated Assets, Doubtful Debts,C,,val,-1.9712350368499756,-0.03080054745078087,-7.90625,-7.203125,-4.8984375,-4.34375,-3.588169574737549,-3.3212890625,-3.0078125,-2.5056374073028564,-2.298126220703125,-1.9698225259780884,-1.8125,-1.1259765625,-0.566741943359375,-0.4428466856479645,-0.2804652750492096,-0.2272186279296875,-0.1642116904258728,-0.0008322976063936949,0.0819193497300148,0.2621808648109436
Why are massive main-sequence stars more luminous than their low-mass counterparts?, None of the other choices, wider absorption lines., greater amounts of unstable heavy elements., greater core pressures and temperatures.,D,,val,-1.8861286640167236,-0.024181136718163125,-9.625,-6.625,-5.59765625,-4.505208492279053,-3.685546875,-3.3157551288604736,-2.7374379634857178,-2.5137531757354736,-2.1557528972625732,-1.8862838745117188,-0.7265625,-0.5826823115348816,-0.50634765625,-0.33480072021484375,-0.2331409454345703,-0.1827138215303421,-0.08752579987049103,-0.049795787781476974,0.011586870066821575,0.08728694915771484
Which of the following statements accurately describes Oracle Cloud Infrastructure's Object Storage Service?, An Archive Object Storage tier bucket can be upgraded to the Standard Object Storage tier., You cannot directly download an object froman Archive Object Storage bucket., None of the other choices, An existing Standard Object Storage tier bucket can be downgraded to the Archive Object Storage tier.,B,,val,-2.541306972503662,-0.02541306972503662,-12.5625,-9.5625,-6.6171875,-5.862500190734863,-4.738839149475098,-4.291015625,-3.898871421813965,-3.2252752780914307,-2.9596965312957764,-2.540187358856201,-3.71875,-2.390625,-1.552734375,-1.2189452648162842,-0.82421875,-0.69140625,-0.5805121660232544,-0.39541903138160706,-0.32080078125,-0.1159319207072258
"Two athletes leap straight upward. If John's initial speed is double that of Harry's, how does John's airtime compare to Harry's?", three times as long., twice as long., four times as long., 1.41 times as long.,B,,val,-2.306567907333374,-0.021556709414330598,-8.84375,-7.693749904632568,-6.439453125,-5.171875,-4.3409600257873535,-3.90283203125,-3.349609375,-2.9202768802642822,-2.581591844558716,-2.305546283721924,-2.84375,-2.02734375,-1.454833984375,-1.086137294769287,-0.8306536078453064,-0.6878814697265625,-0.5246838927268982,-0.39951393008232117,-0.2939160168170929,-0.19769287109375
Which of the following methods can multinational corporations use to safeguard against exchange rate risks?, currency options, futures markets, forward markets, All of the above,D,,val,-2.7470500469207764,-0.030187363152975565,-16.625,-9.614583015441895,-7.875,-5.919270992279053,-5.345982074737549,-4.490451335906982,-4.080468654632568,-3.4303791522979736,-3.170034646987915,-2.7504475116729736,-5.71875,-2.4680988788604736,-1.9306640625,-1.3473306894302368,-1.1383230686187744,-0.8479275107383728,-0.743212878704071,-0.5521240234375,-0.47329476475715637,-0.27294921875
Which of these functions does not belong to the responsibilities of a database management system?_________, Failure recovery, Processor Control, Concurrency control, Integrity control,B,,val,-3.5747344493865967,-0.04108890171708732,-13.875,-10.5,-9.140625,-7.588541507720947,-6.3984375,-5.89930534362793,-5.0085225105285645,-4.671224117279053,-4.082938194274902,-3.576416015625,-7.96875,-4.390625,-3.73828125,-2.6007487773895264,-1.93804931640625,-1.7017686367034912,-1.313520908355713,-1.1584879159927368,-0.9017508625984192,-0.653045654296875
How does the mean free path change as pressure increases?, Decreases., Increases., None of the other choices, Becomes zero.,A,,val,-2.1750311851501465,-0.036250519752502444,-7.75,-5.59375,-4.744791507720947,-4.1953125,-3.668750047683716,-3.26953125,-2.950892925262451,-2.66357421875,-2.411024332046509,-2.1729979515075684,-0.94140625,-0.6962890625,-0.513671875,-0.3658447265625,-0.26337891817092896,-0.137451171875,-0.0466657355427742,0.03338623046875,0.11865234375,0.20756836235523224
What factor influences the skin effect?, Cross section of the conductors, Supply frequency, Permeability of the conductor, All of these,A,,val,-4.653539180755615,-0.09901147193097054,-8.8125,-8.8125,-8.8125,-8.6875,-7.208333492279053,-7.208333492279053,-6.3515625,-6.3515625,-5.5625,-4.656168460845947,-1.828125,-1.828125,-1.828125,-1.349609375,-1.0045572519302368,-1.0045572519302368,-0.7718505859375,-0.7718505859375,-0.603808581829071,-0.450439453125
"#include <stdio.h> int main() { int a = -1, b = 4, c = 1, d; d = ++a && ++b || ++c; printf(""%d, %d, %d, %d\n"", a, b, c, d); return 0; }"," 0, 5, 2, 1"," 0, 4, 2, 1", None of the other choices," 1, 4, 1, 1",B,,val,-0.8628496527671814,-0.007503040458845056,-5.0234375,-3.587890625,-2.6219160556793213,-2.0978124141693115,-1.6849365234375,-1.4404168128967285,-1.251054286956787,-1.0814682245254517,-0.9684485793113708,-0.8625245094299316,-3.33984375,-1.7818704843521118,-1.108006477355957,-0.8215966820716858,-0.6145744323730469,-0.48772549629211426,-0.3772721588611603,-0.27570417523384094,-0.20155522227287292,-0.10791587829589844
To which antibacterial class does streptomycin belong?, Tetracyclines, Fluoroquinolone, Macrolide, Aminoglycoside,D,,val,-2.7678205966949463,-0.0453741081425401,-16.125,-11.4375,-8.348958015441895,-6.642578125,-5.399218559265137,-4.556314945220947,-3.9425222873687744,-3.457275390625,-3.077392578125,-2.7704315185546875,-4.21875,-2.2724609375,-1.4923502206802368,-1.0743408203125,-0.81494140625,-0.6153157353401184,-0.4704938530921936,-0.35577392578125,-0.22509765625,-0.11821289360523224
What is the angle of incidence at which light is completely polarized upon reflection from air to glass (with a refractive index μ)?, sin-1 \(\left( \frac { 1 }{ μ } \right) \), None of the other choices, tan-1 (μ), tan-1 \(\left( \frac { 1 }{ μ } \right) \),C,,val,-2.1400694847106934,-0.018772539339567487,-6.671875,-5.824999809265137,-5.129464149475098,-4.365624904632568,-3.806490421295166,-3.4588541984558105,-3.018663167953491,-2.7681641578674316,-2.4182236194610596,-2.140380859375,-3.6953125,-2.8265624046325684,-2.2550222873687744,-1.705468773841858,-1.2979031801223755,-1.1032999753952026,-0.8667365312576294,-0.7308441400527954,-0.565373957157135,-0.41014450788497925
"What has been the objective of the World Meteorological Organization (WMO) regarding the reduction in the number of deaths caused by hydro-meteorological disasters during the decade 2010-2019, compared to the decade 1994-2003?", None of the other choices,80%,25%,50%,D,,val,-1.4650747776031494,-0.009043671466686108,-6.756249904632568,-5.465909004211426,-4.295955657958984,-3.4296875,-2.8310210704803467,-2.459587574005127,-2.1141600608825684,-1.84468412399292,-1.6328811645507812,-1.463962435722351,-2.332812547683716,-1.6455966234207153,-1.0582095384597778,-0.7640566825866699,-0.5710217952728271,-0.447296142578125,-0.3230728209018707,-0.21826304495334625,-0.11660648882389069,-0.01665312610566616
When did Guru Angad Dev Ji pass away?, In 1552 A.D., In 1551 A.D., None of the other choices, In 1550 A.D.,A,,val,-2.409379720687866,-0.05354177157084147,-10.0625,-10.0625,-7.0234375,-5.447916507720947,-4.6328125,-4.131249904632568,-3.55078125,-3.0864956378936768,-2.70452880859375,-2.4074435234069824,-1.28125,-1.28125,-0.7939453125,-0.4755859375,-0.3154296875,-0.15703125298023224,0.0006510416860692203,0.1183035746216774,0.2333984375,0.3246527910232544
Which layer within an antral follicle is devoid of cells?, Stroma, Granulomas, Theca interna, Zona pellucida,A,,val,-3.599555015563965,-0.0590090986158027,-8.6875,-8.265625,-8.052083015441895,-7.6875,-6.591145992279053,-5.9933037757873535,-5.33251953125,-4.783420085906982,-4.319628715515137,-3.5996906757354736,-2.84375,-2.38671875,-1.9609375,-1.6796875,-1.2958984375,-1.1077357530593872,-0.9617919921875,-0.8149956464767456,-0.6807616949081421,-0.436767578125
How can the positions of spiral tracers be used to trace the spiral arms in the sun's neighborhood?, Cepheid variable stars., massive stars., type Ia and type II supernovae., None of the other choices,B,,val,-3.1304402351379395,-0.03817610042851146,-10.25,-9.78125,-7.861979007720947,-6.525390625,-5.552343845367432,-4.843099117279053,-4.300502300262451,-3.8544921875,-3.472547769546509,-3.1328125,-2.125,-1.5966796875,-1.22265625,-0.9555816650390625,-0.712902843952179,-0.5304463505744934,-0.39202880859375,-0.27429962158203125,-0.1687350869178772,-0.07783813774585724
Who is known as the 'Gandhi of Chirawa'?, Seth Ghanshyam Das Birla, Master Pyarelal Gupta, Radha krishna Bohra, Sardar Harlal Singh,B,,val,-2.3164186477661133,-0.04825872182846069,-6.59375,-6.015625,-5.59375,-4.818749904632568,-4.411458492279053,-3.9698660373687744,-3.264756917953491,-2.984375,-2.727450370788574,-2.3154296875,-1.0078125,-0.916015625,-0.75390625,-0.4179443418979645,-0.3202921450138092,-0.2448207288980484,-0.1192355677485466,-0.07020263373851776,-0.022804953157901764,0.10029484331607819
Which of the following options help decrease moral hazard for the mortgage borrower?, Collateral, Borrower qualifications, Private mortgage insurance, Down payments,D,,val,-3.8863015174865723,-0.049193690094766734,-11.875,-10.8125,-9.28125,-7.75,-7.125,-6.575892925262451,-5.519097328186035,-5.031640529632568,-4.588068008422852,-3.885770320892334,-3.328125,-2.796875,-2.2447917461395264,-1.5556640625,-1.33056640625,-1.1394740343093872,-0.857177734375,-0.7343505620956421,-0.6153897643089294,-0.3338153660297394
"Among the following organic compounds, which one will produce the highest response intensity when introduced into a flame ionization detector?", None of the other choices, Butane, Methane, Ethane,B,,val,-2.059476375579834,-0.018722512505271217,-7.3125,-5.9765625,-5.182291507720947,-4.587890625,-3.7833807468414307,-3.335036039352417,-2.950390577316284,-2.636259078979492,-2.3805510997772217,-2.059702157974243,-2.09375,-1.849609375,-1.4235025644302368,-1.0592041015625,-0.7336204051971436,-0.5759840607643127,-0.4468424618244171,-0.34303194284439087,-0.2536749541759491,-0.11911842972040176
Which of these characteristics is not included in Weber’s model of an effective government?, People must be treated equally., Government must employ skilled experts., There are rules within civil society., Skilled experts do not necessarily have to operate within an organized hierarchy.,D,,val,-3.6214592456817627,-0.04162596834116969,-9.9375,-7.8125,-7.109375,-6.328125,-6.066964149475098,-5.447916507720947,-5.099218845367432,-4.490560054779053,-4.16135835647583,-3.6207683086395264,-2.90625,-2.2161457538604736,-1.833984375,-1.443359375,-1.2613002061843872,-0.9430881142616272,-0.8194824457168579,-0.6234944462776184,-0.5406776070594788,-0.31806641817092896
What is the moisture percentage composition in green sand molding for steel casting?, None of the other choices, 2-3%, 5-6%, 4-5%,C,,val,-4.308173656463623,-0.05744231541951497,-12.25,-10.40625,-9.479166984558105,-7.981249809265137,-7.526041507720947,-6.995535850524902,-5.96875,-5.462890625,-5.034090995788574,-4.315505027770996,-3.78125,-3.203125,-2.859375,-2.12890625,-1.857421875,-1.6041433811187744,-1.1962348222732544,-1.040283203125,-0.9114435315132141,-0.659743070602417
Which of the following carbohydrates is non-reducing?, Ribose 5 – phosphate, Sucrose, Maltose, Lactose,B,,val,-1.7885806560516357,-0.029809677600860597,-9.375,-7.296875,-5.5,-4.29296875,-3.515625,-2.9710285663604736,-2.550990581512451,-2.2340545654296875,-1.9866909980773926,-1.7880218029022217,-1.796875,-1.318359375,-0.8755289912223816,-0.640289306640625,-0.4889892637729645,-0.38323974609375,-0.2612479031085968,-0.1587677001953125,-0.0608317069709301,0.09368896484375
Which of the following statements about the use of generics and parameterized types in Java is incorrect?, Generics and parameterized types eliminate the need for down casts when using Java Collections.," When designing your own collections class (say, a linked list), generics and parameterized types allow you to achieve type safety with just a single class definition as opposed to defining multiple classes.", Generics provide type safety by shifting more type checking responsibilities to the compiler., All of the mentioned,C,,val,-1.7894026041030884,-0.019882251156700982,-8.875,-6.291666507720947,-4.987500190734863,-4.1171875,-3.446180582046509,-3.1275391578674316,-2.6476237773895264,-2.2957589626312256,-2.01263427734375,-1.7911580801010132,-1.359375,-0.8255208134651184,-0.4463867247104645,-0.2726702094078064,-0.1492512971162796,-0.09604492038488388,-0.0098876953125,0.0679757222533226,0.179840087890625,0.3122016191482544
Which search algorithm sets a fixed depth limit on nodes?, Bidirectional search, Iterative deepening search, Depth-first search, None of the other choices,D,,val,-4.384370803833008,-0.07071565812633883,-10.5,-10.1875,-8.333333015441895,-7.359375,-6.731249809265137,-6.140625,-5.629464149475098,-5.21484375,-4.79774284362793,-4.378125190734863,-2.59375,-2.03125,-1.8385416269302368,-1.44970703125,-1.189062476158142,-0.9796549677848816,-0.8104073405265808,-0.6800537109375,-0.5437282919883728,-0.42021483182907104
What is DMSO (Dimethyl sulphoxide) used for?, Alkylating agent, Chelating agent, Gelling agent, Cryoprotectant,D,,val,-2.200752019882202,-0.04232215422850389,-8.375,-7.09375,-6.625,-4.853125095367432,-4.29296875,-3.8097097873687744,-3.151909828186035,-2.849902391433716,-2.5989878177642822,-2.199742317199707,-4.84375,-3.625,-2.6549479961395264,-1.628515601158142,-1.3505045175552368,-1.1437638998031616,-0.8473849892616272,-0.735107421875,-0.6375621557235718,-0.45624250173568726
What is used to give feedback to the learning element?, Sensor, Actuators, Critic, None of the mentioned,C,,val,-3.9580631256103516,-0.06596771876017253,-8.8125,-8.03125,-7.65625,-7.3671875,-7.03125,-6.1640625,-5.413504600524902,-4.84814453125,-4.353949546813965,-3.94921875,-2.5625,-1.744140625,-1.4244791269302368,-1.15283203125,-0.9453125,-0.73828125,-0.5591517686843872,-0.41748046875,-0.2986111044883728,-0.1953125
What kind of genetic material does the Variola virus contain?, Double stranded DNA, Single stranded RNA, Single stranded DNA, Double stranded RNA,A,,val,-2.7741949558258057,-0.04403484056866358,-9.0,-8.1875,-7.677083492279053,-6.359375,-5.426562309265137,-4.717447757720947,-4.183035850524902,-3.74755859375,-3.377387046813965,-2.7746360301971436,-1.1328125,-0.919921875,-0.6035969853401184,-0.42047119140625,-0.2730956971645355,-0.1588948518037796,-0.0725795179605484,0.027313232421875,0.1119520366191864,0.2652477025985718
"During a concussion (a form of traumatic brain injury), the brain shifts within the cranial cavity, resulting in damage when it impacts the bony cavity walls. Ironically, one of the bone markings that can seriously harm the brain is the ________. This is ironic because one of its primary functions is to ________.", crista galli; attach to the dura matter holding the brain in place, styloid process; attach to and support the hyoid bone, perpendicular plate; separate the left and right halves of the nasal cavity, pterygoid processes; anchor important chewing muscles,A,,val,-2.6548235416412354,-0.013476261632696626,-9.953125,-8.130208015441895,-6.9609375,-5.899088382720947,-5.071614742279053,-4.392578125,-3.8243582248687744,-3.3679606914520264,-2.999091148376465,-2.6554434299468994,-3.6276042461395264,-2.7291667461395264,-2.188368082046509,-1.657061219215393,-1.312469482421875,-1.062854290008545,-0.8645150065422058,-0.6988334655761719,-0.5589746832847595,-0.4062029719352722
Which of these karyotypes is not viable for human survival to birth?," 47, X"," 45, Y", None of the other choices," 47, XY,+13",B,,val,-3.324094295501709,-0.048883739639731014,-11.1875,-9.0,-6.59375,-6.056250095367432,-5.252232074737549,-4.912109375,-4.61805534362793,-4.084517002105713,-3.859375,-3.325648784637451,-3.671875,-3.2890625,-2.498046875,-2.141406297683716,-1.5718470811843872,-1.36651611328125,-1.1877713203430176,-0.9119762182235718,-0.7747802734375,-0.503662109375
Which of the following represents the simplified sequence of the phosphorus cycle in a terrestrial ecosystem?, Rock minerals → Soil → Producers → Consumers → Decomposers, Soil → Producers → Rock minerals → Consumers → Decomposers, Rock minerals → Decomposers → Producers → Consumers, None of the other choices,A,,val,-2.3315491676330566,-0.02534292573514192,-8.5625,-7.4375,-6.112500190734863,-5.442708492279053,-4.556640625,-3.8609375953674316,-3.5504262447357178,-3.032526969909668,-2.636263132095337,-2.328835964202881,-1.859375,-1.359375,-0.8262695074081421,-0.664306640625,-0.44146728515625,-0.28911131620407104,-0.22838245332241058,-0.1269906908273697,-0.01839192770421505,0.12738396227359772
What solutions does the electrometer in a dissolved oxygen analyzer contain?, Potassium hydroxide solution, Magnesium hydroxide solution, Calcium oxide solution, Calcium hydroxide solution,A,,val,-4.853800296783447,-0.06559189590247902,-13.125,-12.28125,-11.75,-10.390625,-8.375,-7.59375,-6.8701171875,-6.293402671813965,-5.754296779632568,-4.852376461029053,-2.6875,-2.421875,-2.2552082538604736,-2.099609375,-1.7073568105697632,-1.4284318685531616,-1.2166748046875,-1.0441622734069824,-0.9043945074081421,-0.614013671875
Who first used the term regression?, Pearson, Spearman, Galton, Newton,C,,val,-4.237117290496826,-0.09853761140690294,-12.0,-12.0,-12.0,-8.9375,-7.520833492279053,-7.520833492279053,-6.21875,-6.21875,-5.076562404632568,-4.236856937408447,-4.09375,-4.09375,-4.09375,-2.625,-2.0690104961395264,-2.0690104961395264,-1.60888671875,-1.60888671875,-1.2490234375,-0.9542643427848816
The concept that an individual needs to recognize or map out common traits between situations to solve problems originates from which theory of intelligent behavior?, Guilfords, None of the other choices, Gardners, Thurstones,B,,val,-3.833778142929077,-0.03091756566878288,-9.6875,-8.475000381469727,-7.848214149475098,-7.074999809265137,-6.576822757720947,-5.815625190734863,-5.308363914489746,-4.693359375,-4.334339618682861,-3.8355908393859863,-3.2734375,-2.3359375,-2.0669643878936768,-1.7023437023162842,-1.46826171875,-1.150292992591858,-0.9845760464668274,-0.7474365234375,-0.6233797669410706,-0.45701172947883606
When does terminalisation of chiasmata occur?, Pachytene, Zygotene, Leptotene, Diakinesis,D,,val,-4.24400520324707,-0.08007556987258624,-11.5625,-11.5625,-9.90625,-9.208333015441895,-7.953125,-7.050000190734863,-6.221354007720947,-5.400669574737549,-4.763916015625,-4.252170085906982,-2.078125,-2.078125,-1.453125,-1.234375,-0.9014892578125,-0.700878918170929,-0.5218912959098816,-0.3817661702632904,-0.27056884765625,-0.18017578125
"P can complete a project in 12 days, working 8 hours each day. Q can complete the same project in 8 days, working 10 hours each day. How many days will it take for P and Q to complete the project if they collaborate, working 8 hours a day?",6  6/11,5  6/11,6  5/11,5  5/11,D,,val,-0.8165974617004395,-0.006004393100738525,-5.315104007720947,-3.4264323711395264,-2.552300453186035,-1.9985758066177368,-1.6301106214523315,-1.3725179433822632,-1.1822742223739624,-1.037223219871521,-0.9225525856018066,-0.8166859149932861,-2.66796875,-1.4274393320083618,-0.9391411542892456,-0.6818949580192566,-0.5151122808456421,-0.39508056640625,-0.3007405698299408,-0.2216440886259079,-0.1497802734375,-0.054595448076725006
Which system model creates graphical representations of software systems using a series of diagram types?, UML, XMI, SysML, None of the mentioned,C,,val,-3.840618133544922,-0.04518374274758732,-8.625,-8.229166984558105,-7.8671875,-6.963541507720947,-6.504464149475098,-5.729166507720947,-5.362500190734863,-4.72265625,-4.400540828704834,-3.8358073234558105,-2.0,-1.5026041269302368,-1.3388671875,-1.0074869394302368,-0.8579450249671936,-0.5978461503982544,-0.48259276151657104,-0.2944132387638092,-0.2170785814523697,-0.0464680977165699
_______ jobs are geared for scalability but fall short on latency., Mapreduce, Drill, None of the other choices, Oozie,A,,val,-5.080524921417236,-0.07697765032450359,-12.0,-11.375,-10.708333015441895,-10.109375,-8.71875,-8.026785850524902,-7.283203125,-6.598090171813965,-6.009765625,-5.077718257904053,-2.921875,-2.5859375,-2.3854167461395264,-2.28515625,-1.8450521230697632,-1.7159597873687744,-1.453125,-1.2469618320465088,-1.0656249523162842,-0.7630208134651184
What structure passes through the Foramen Rotundum?, Optic Nerve., None of the other choices, Maxillary Nerve., Facial Nerve.,C,,val,-2.6099724769592285,-0.04578899082384611,-8.9375,-8.71875,-7.5,-6.265625,-5.129687309265137,-4.3466796875,-3.734375,-3.270477294921875,-2.907090902328491,-2.616381883621216,-2.1875,-2.02734375,-1.33984375,-0.99237060546875,-0.767138659954071,-0.5990803837776184,-0.4610421359539032,-0.354095458984375,-0.2474772185087204,-0.14890137314796448
"Hezbollah is a Muslim entity perceived as both a political organization and a terrorist group, as well as a(n):", ally, None of the other choices, force multiplier, religious group,B,,val,-3.2341017723083496,-0.032341017723083496,-10.65625,-9.078125,-7.791666507720947,-6.775390625,-5.6477274894714355,-5.069711685180664,-4.5703125,-4.115004539489746,-3.7225534915924072,-3.233731269836426,-2.7421875,-2.50390625,-1.9420572519302368,-1.5501708984375,-1.1141135692596436,-0.9116868376731873,-0.7394775152206421,-0.6010096073150635,-0.48264673352241516,-0.31207275390625
Who authored Dialectic of Enlightenment?, Max Horkheimer and Theodor Adorno, None of the other choices, Jean Baudrillard and Pierre Bourdieu, Jean Baudrillard and Max Horkheimer,A,,val,-3.44122314453125,-0.07169214884440105,-10.4375,-10.4375,-8.90625,-8.90625,-6.901041507720947,-5.564453125,-5.564453125,-4.591406345367432,-3.9296875,-3.4388949871063232,-6.3125,-6.3125,-3.9296875,-3.9296875,-2.5078125,-1.7451171875,-1.7451171875,-1.264062523841858,-0.9264323115348816,-0.6255580186843872
Which philosopher held the belief that matter is continuous and not composed of atoms?, Democritus, Lavoisier, Aristotle, Dalton,C,,val,-2.687427520751953,-0.03490165611366173,-7.65625,-6.921875,-6.515625,-5.8125,-4.8191962242126465,-4.369140625,-3.9895832538604736,-3.403409004211426,-3.1346843242645264,-2.6879794597625732,-1.1328125,-0.984375,-0.751953125,-0.6527343988418579,-0.4550432562828064,-0.383575439453125,-0.3014594316482544,-0.17331765592098236,-0.1097208634018898,0.0128173828125
What is the disorder called when the body is unable to distinguish between its own cells and foreign substances?, Active immunity, Autoimmunity, Passive immunity, Immunodeficiency,B,,val,-1.9884992837905884,-0.0216141226498977,-12.25,-6.880208492279053,-5.243750095367432,-4.455357074737549,-3.7916667461395264,-3.2634942531585693,-2.839393138885498,-2.4993488788604736,-2.2223403453826904,-1.9896304607391357,-2.625,-1.3333333730697632,-0.7632812261581421,-0.4545200765132904,-0.2658420205116272,-0.13441051542758942,-0.033203125,0.04596354067325592,0.12189798057079315,0.23262746632099152
What is the term for the hypothetical pressure assumed to be acting on the piston during the entire power stroke?, brake power, indicated power, mean effective pressure, none of the mentioned,A,,val,-2.8843860626220703,-0.032408832164292925,-7.84375,-7.5078125,-6.916666507720947,-5.935546875,-5.185156345367432,-4.490560054779053,-3.9581472873687744,-3.550048828125,-3.193305015563965,-2.8852295875549316,-1.55078125,-1.1162109375,-0.813262939453125,-0.5938949584960938,-0.44181519746780396,-0.3344065248966217,-0.2386430948972702,-0.15290451049804688,-0.0718960240483284,0.0063873291946947575
In welche der folgenden beiden Kategorien können organisatorische Prozessressourcen unterteilt werden?, Vorlagen sowie Prozesse und Verfahren, Projektdateien und Unternehmenswissensbasis, Wissensbasis des Unternehmens sowie Prozesse und Verfahren, Standards sowie Prozesse und Verfahren,C,,val,-3.4689741134643555,-0.03690397993047187,-12.5,-9.583333015441895,-8.75,-7.208333492279053,-6.3359375,-5.958333492279053,-5.035555839538574,-4.619120121002197,-3.962559223175049,-3.4672393798828125,-2.40625,-1.5169271230697632,-1.2939453125,-1.0013021230697632,-0.740020751953125,-0.6420627236366272,-0.4956720471382141,-0.4270223081111908,-0.3056117594242096,-0.1533966064453125
Patients using heparin will show elevated levels of ________ on their blood test., mean cell volume, partial thromboplastin time, hemoglobin, thrombocytes,B,,val,-2.8810653686523438,-0.03946664888564855,-8.125,-6.8125,-6.34375,-5.596354007720947,-5.189732074737549,-4.472222328186035,-4.199999809265137,-3.5882160663604736,-3.316293478012085,-2.877213478088379,-1.5546875,-1.1666666269302368,-1.03515625,-0.822265625,-0.7069004774093628,-0.5312025547027588,-0.46382445096969604,-0.3463999330997467,-0.2806912958621979,-0.15498453378677368
"Which work is Gilbert and Gubar’s The Madwoman in the Attic a ""rewrite"" of?", Adam Bede, Wuthering Heights, Pamela, Jane Eyre,D,,val,-3.136876344680786,-0.037343766008104594,-10.25,-8.671875,-7.807291507720947,-6.71484375,-5.865624904632568,-5.182291507720947,-4.4676690101623535,-3.917694091796875,-3.4836883544921875,-3.1360976696014404,-2.8046875,-2.197265625,-1.6005859375,-1.1798095703125,-0.92333984375,-0.7450358271598816,-0.6056082844734192,-0.48486328125,-0.3693576455116272,-0.26835936307907104
"If possessing a gene for Parkinson’s disease ensures its development, how can the presence of this gene be described?", None of the other choices, necessary cause., contributory cause., sufficient cause.,D,,val,-3.299788236618042,-0.031426554634457544,-11.59375,-9.421875,-7.885416507720947,-6.837890625,-6.002343654632568,-5.28125,-4.7109375,-4.252685546875,-3.8357205390930176,-3.2988688945770264,-2.96484375,-2.11328125,-1.6041666269302368,-1.317626953125,-1.0391113758087158,-0.8227131962776184,-0.6510533094406128,-0.495941162109375,-0.3548990786075592,-0.1845935583114624
Who is the author of the book titled ‘Social Reality of Crime’?, William Chambliss, Karl Marx, Richard Quinney, None of the above,C,,val,-2.893982410430908,-0.04134260586329869,-7.625,-7.5,-6.8125,-6.556250095367432,-5.300223350524902,-4.787109375,-4.365017414093018,-3.662642002105713,-3.3689777851104736,-2.894199848175049,-4.5,-4.3125,-2.4150390625,-1.9607422351837158,-1.3677455186843872,-1.165283203125,-1.0047743320465088,-0.7137784361839294,-0.5970051884651184,-0.3758370578289032
How does the formation of HBr proceed?," Transition complexes, non chain reaction mechanism"," Free radical, chain reaction mechanism"," Molecular intermediates, non chain reaction mechanism"," Free radical, non chain reaction mechanism",B,,val,-3.719740152359009,-0.08086391635563063,-7.4375,-7.4375,-7.03125,-6.78125,-6.3046875,-6.3046875,-5.556250095367432,-4.842447757720947,-4.243861675262451,-3.72186279296875,-1.3359375,-1.3359375,-0.8994140625,-0.75,-0.5762939453125,-0.5762939453125,-0.4678710997104645,-0.3524576723575592,-0.21728515625,-0.09002685546875
The use of the word-association test demonstrated that it was feasible to, systematically study creative illness., systematically study the unconscious mind., probe the ultimate meanings of dreams., segregate neurotic and psychotic individuals from normal individuals.,B,,val,-3.6689748764038086,-0.052413926805768694,-9.75,-8.78125,-8.114583015441895,-7.081250190734863,-6.572916507720947,-6.015625,-5.087673664093018,-4.692187309265137,-4.318536758422852,-3.668492317199707,-2.328125,-1.94921875,-1.7291666269302368,-1.007568359375,-0.8195393681526184,-0.6466587781906128,-0.3775227963924408,-0.2788330018520355,-0.18814364075660706,0.09140249341726303
"Which of the following French possessions was not integrated into India on November 1, 1954?", Yanam, Karikal, Mahe, Chandranagore,A,,val,-2.541780710220337,-0.028559333822700414,-10.15625,-8.8515625,-7.53125,-6.20703125,-5.215624809265137,-4.39697265625,-3.7945382595062256,-3.331878662109375,-2.965928792953491,-2.5429630279541016,-2.21875,-2.123046875,-1.783203125,-1.32373046875,-1.032861351966858,-0.8213297724723816,-0.6578194499015808,-0.513092041015625,-0.3955349326133728,-0.200637087225914
Under which conditions is an SQL view considered updatable?, query does not have group by or having clause, from clause has 1 relation," select clause contains relation attribute names but not have expressions, aggregates, or distinct specification", All of the mentioned,D,,val,-3.2021191120147705,-0.05003311112523079,-9.9375,-7.359375,-6.322916507720947,-5.640625,-5.193749904632568,-4.65234375,-4.260044574737549,-3.8828125,-3.5607638359069824,-3.20623779296875,-1.625,-0.9921875,-0.6951497197151184,-0.4906005859375,-0.3436523377895355,-0.241455078125,-0.1327427476644516,-0.04974365234375,0.0482313372194767,0.16059570014476776
How are the address and data buses eliminated in external memory types of microcontrollers?, Through multiplexing by external latch & DLE signal, Through demultiplexing by external latch & DLE signal, Through demultiplexing by external latch & ALE signal, Through multiplexing by external latch & ALE signal,D,,val,-4.0530853271484375,-0.05003809045862268,-11.0,-10.479166984558105,-9.8125,-8.088541984558105,-7.339285850524902,-6.166666507720947,-5.684374809265137,-4.91796875,-4.607572078704834,-4.058333396911621,-3.6875,-2.7083332538604736,-2.52734375,-2.0201823711395264,-1.67578125,-1.1963975429534912,-1.0158202648162842,-0.72021484375,-0.5972055196762085,-0.3701823055744171
What effects of medicines are typically documented during drug proving?, Curative actions, Counter actions, None of the other choices, Secondary actions,C,,val,-5.7051496505737305,-0.08035422043061592,-13.8125,-12.0625,-11.166666984558105,-9.578125,-8.556249618530273,-7.822916507720947,-7.2254462242126465,-6.740234375,-6.206597328186035,-5.703125,-4.25,-3.2109375,-2.8125,-2.544921875,-2.254687547683716,-2.03125,-1.7008928060531616,-1.421875,-1.2018228769302368,-1.025390625
Which compound does not produce effervescence when reacting with NaHCO3?, C6H5COO, Picric acid, CH3COOH, None of the other choices,D,,val,-1.8486833572387695,-0.0243247810162996,-7.03125,-5.578125,-5.08203125,-4.390625,-3.45556640625,-3.139756917953491,-2.651455879211426,-2.46435546875,-2.1123046875,-1.8482666015625,-0.83203125,-0.5494791865348816,-0.47900390625,-0.3402303159236908,-0.246368408203125,-0.2124294638633728,-0.11752042174339294,-0.0663859024643898,0.02178083173930645,0.0971832275390625
Who introduced the concept that the unconscious is structured 'like a language'?, None of the other choices, Carl Jung, Ferdinand de Saussure, Jaques Lacan,D,,val,-2.994499683380127,-0.03992666244506836,-7.6875,-7.5,-7.25,-6.0,-5.354166507720947,-4.892857074737549,-4.200520992279053,-3.833984375,-3.5232598781585693,-2.992056131362915,-5.21875,-4.3828125,-3.3567707538604736,-2.1332030296325684,-1.7527669668197632,-1.4786550998687744,-1.0900607109069824,-0.936328113079071,-0.7901278138160706,-0.46063703298568726
"Who is the author of the book ""Elementary Forms of Religious Life""?", E.B. Tylor, None of the other choices, Mircea Eliade, Max Weber,B,,val,-2.767723321914673,-0.040111932201661926,-10.0,-9.15625,-7.75,-6.806250095367432,-5.220982074737549,-4.646484375,-4.192708492279053,-3.500532627105713,-3.2203776836395264,-2.7703857421875,-5.5625,-3.90625,-2.201416015625,-1.7052733898162842,-1.1304408311843872,-0.9320068359375,-0.7711588740348816,-0.5141157507896423,-0.4139811098575592,-0.2189592570066452
"How should an IPS appliance be correctly deployed in a network to ensure that identified threat traffic is blocked, and all traffic is halted if the IPS fails?", Promiscuous; fail closed, Promiscuous; fail open, Inline; fail open, Inline; fail closed,D,,val,-3.349099636077881,-0.027451636361294104,-10.875,-9.75,-7.80859375,-6.589488506317139,-5.7276787757873535,-5.041360378265381,-4.522265434265137,-4.068783760070801,-3.688852071762085,-3.352252721786499,-4.3359375,-2.9453125,-2.13671875,-1.5838955640792847,-1.2139369249343872,-0.9150390625,-0.686572253704071,-0.5036090612411499,-0.34814453125,-0.19575026631355286
What principle does a Carnot engine follow?, Isothermal process, Isoentropic process, Isothermal and Isoentropic process, None of the mentioned,A,,val,-3.0886292457580566,-0.060561357759961895,-8.5,-8.5,-7.875,-6.625,-5.439453125,-5.439453125,-4.662499904632568,-4.01953125,-3.53125,-3.0917816162109375,-1.7265625,-1.7265625,-0.8365478515625,-0.5179850459098816,-0.30645751953125,-0.30645751953125,-0.17680664360523224,-0.0503336600959301,0.0651157945394516,0.159027099609375
Which compound produces the most stable carbonium ion upon dehydration?, CH3CH OH CH2 CH3, (CH3)3COH, CH3CH2CH2CH2OH, (CH3)2CHCH2OH,B,,val,-3.0817558765411377,-0.04340501234564983,-7.03125,-6.609375,-6.3125,-6.0625,-5.518750190734863,-4.934895992279053,-4.4520087242126465,-4.083984375,-3.6966145038604736,-3.0817205905914307,-1.59375,-1.24609375,-1.1171875,-0.90478515625,-0.6849609613418579,-0.52587890625,-0.3809988796710968,-0.2606201171875,-0.1652560830116272,0.007191051263362169
You can back up MongoDB by copying its data files directly. Can you identify the correct statement?, The mechanics of snapshots depend on the underlying storage system," If your storage system does not support snapshots, you can copy the files directly using cp, rsync, or a similar tool"," To get a consistent snapshot of a sharded system, you must disable the balancer", All of the mentioned,A,,val,-3.56007719039917,-0.038696491199990975,-9.375,-8.5,-7.506249904632568,-6.551339149475098,-5.807291507720947,-5.510937690734863,-5.014322757720947,-4.447265625,-3.967529296875,-3.560112953186035,-2.578125,-2.1223957538604736,-1.8859374523162842,-1.5245535373687744,-1.2535806894302368,-1.1300537586212158,-0.89776611328125,-0.7014334797859192,-0.5441741943359375,-0.4051513671875
Who identified the six features of the caste system?, Karve, Ghurye, Srinivas, Dubey,B,,val,-3.661504030227661,-0.06780563018940113,-8.875,-8.875,-8.3125,-7.75,-7.34375,-6.207812309265137,-5.35546875,-4.646763324737549,-4.109130859375,-3.661729574203491,-1.703125,-1.703125,-0.96630859375,-0.5680338740348816,-0.358154296875,-0.20839843153953552,-0.0978190079331398,-0.012974330224096775,0.0648193359375,0.2069227397441864
Why would it be unethical to destroy species?, it may still have certain unknown values, it is a product of long evolutionary history, it forms a part of rich biological diversity, all of the above,D,,val,-4.177993297576904,-0.07883006221843215,-9.0625,-9.0625,-7.6875,-7.09375,-6.7421875,-6.7421875,-6.103125095367432,-5.375,-4.753348350524902,-4.176513671875,-2.28125,-2.28125,-1.94140625,-1.5130208730697632,-1.21142578125,-1.21142578125,-0.9891601800918579,-0.8250172734260559,-0.6594456434249878,-0.4871711730957031
"You predict that a tablet of PEPCID AC can neutralize more stomach acid than a tablet of Alka-Seltzer. If you were to place one tablet of each antacid in separate beakers containing acid with an initial pH of 2, which of the following experimental outcomes would support your prediction?"," After 1 hour, the pH of the solution in the PEPCID AC beaker was 7.9 and the pH of the solution in the Alka-Seltzer beaker was 9.6."," After 1 hour, the pH of the solution in the PEPCID AC beaker was equal to that of the pH of the solution in the Alka-Seltzer beaker."," After 1 hour, the pH of the solution in the PEPCID AC beaker was 9.2 and the pH of the solution in the Alka-Seltzer beaker was 8.3.", It took 3 minutes for the PEPCID AC tablet to fully dissolve and it took 5 minutes for the Alka-Seltzer tablet to fully dissolve.,C,,val,-2.1176493167877197,-0.01074948891770416,-8.901041984558105,-6.864583492279053,-5.73350715637207,-4.825520992279053,-4.1053385734558105,-3.515733480453491,-3.055896520614624,-2.687255859375,-2.3911020755767822,-2.1173510551452637,-2.75390625,-1.8170572519302368,-1.3120083808898926,-0.9687830805778503,-0.7522074580192566,-0.5941789150238037,-0.4639093279838562,-0.3513145446777344,-0.25050297379493713,-0.1385728120803833
"It has been identified as cultural property on the UNESCO World Heritage list, described as ""an expression of the astrological skills and cosmological concepts of the court of a scholarly prince at the end of the Mughal period.""", None of the other choices, Agra Fort, Red Fort, Hawa Mahal,A,,val,-3.0959436893463135,-0.018877705422843376,-10.578125,-8.9375,-7.533653736114502,-6.526654243469238,-5.604403495788574,-5.002403736114502,-4.435156345367432,-3.8671875,-3.48974609375,-3.09613037109375,-2.408203125,-2.0380859375,-1.553786039352417,-1.2226203680038452,-0.935814619064331,-0.758902907371521,-0.6115570068359375,-0.4552743136882782,-0.34267404675483704,-0.21628709137439728
What is the role of a transaction coordinator in distributed systems?, starts the execution of transaction, coordinates the termination of the transaction, breaks the transaction into number of sub transactions, all of the mentioned,A,,val,-2.1754465103149414,-0.03246935090022301,-8.1875,-6.3125,-5.510416507720947,-5.015625,-4.235937595367432,-3.681640625,-3.2762277126312256,-2.9541015625,-2.644965171813965,-2.176669120788574,-0.50390625,-0.30517578125,-0.2135009765625,-0.148834228515625,-0.05305175855755806,0.01633707620203495,0.0898960679769516,0.1543426513671875,0.2066379189491272,0.2954878509044647
"In baseball, a strike happens if either (1) the batter swings at the ball and misses or (2) the batter refrains from swinging at the ball when it passes through the strike zone. What kind of concept does the notion of a strike exemplify?", conjunctive, disjunctive, prototypical, natural,B,,val,-1.8512266874313354,-0.01179125278618685,-8.068750381469727,-6.334374904632568,-5.068749904632568,-4.165234565734863,-3.456430196762085,-3.0122227668762207,-2.6496310234069824,-2.342594861984253,-2.0920774936676025,-1.8508336544036865,-3.018749952316284,-1.898046851158142,-1.3494141101837158,-1.033880591392517,-0.7852689027786255,-0.6356791853904724,-0.5090874433517456,-0.39931878447532654,-0.29783034324645996,-0.18796950578689575
Another term for exploratory learning is:, None of the other choices, Reinforcement learning, Active learning, Unsupervised learning,D,,val,-3.4995100498199463,-0.07141857244530503,-11.125,-11.125,-8.53125,-8.53125,-6.901041507720947,-5.8125,-5.8125,-4.788281440734863,-4.045247554779053,-3.4956753253936768,-1.4140625,-1.4140625,-0.958984375,-0.958984375,-0.6658528447151184,-0.4066162109375,-0.4066162109375,-0.22802734375,-0.0982259139418602,0.0642438605427742
What characteristics of molecular sieves make them suitable for exclusion-based separation?, Large inner surface area, Variable framework charge, Ability to distinguish materials on the basis of their size, High thermal stability,C,,val,-3.2900516986846924,-0.03963917709258666,-11.9375,-10.6875,-9.635416984558105,-7.253125190734863,-6.427083492279053,-5.714285850524902,-4.67881965637207,-4.261328220367432,-3.883389472961426,-3.286543607711792,-3.3125,-2.3671875,-1.8815103769302368,-1.244482398033142,-1.0297037363052368,-0.8683035969734192,-0.6100260615348816,-0.49042969942092896,-0.38973721861839294,-0.21799880266189575
What is the overall resistance when heat transfer occurs through a series of flat plates?, Logarithmic mean of resistances, Sum of the resistances, None of the other choices, Average of resistances,B,,val,-3.0474021434783936,-0.03857471067694169,-11.125,-8.65625,-7.9140625,-6.333333492279053,-5.700892925262451,-4.77256965637207,-4.386328220367432,-3.7552082538604736,-3.495042085647583,-3.0464844703674316,-4.90625,-2.30859375,-1.9189453125,-1.470703125,-1.2212611436843872,-0.8778212070465088,-0.744921863079071,-0.5182291865348816,-0.42397835850715637,-0.25572916865348816
"After configuring VTP, if you're not receiving updates as expected, what command can you use to check the number of VTP advertisements being sent?", None of the other choices, show vtp counters, showvtp status, showvtp statistics,B,,val,-2.4629340171813965,-0.020524450143178306,-6.640625,-6.300000190734863,-5.71875,-5.005681991577148,-4.4229912757873535,-3.9076287746429443,-3.4595704078674316,-3.0852582454681396,-2.744271993637085,-2.462240219116211,-2.42578125,-1.567968726158142,-1.1634521484375,-0.8754661083221436,-0.6641148328781128,-0.5090619325637817,-0.37567138671875,-0.26026451587677,-0.15871956944465637,-0.06040375679731369
"The statement ""Destiny of India is being shaped in her classrooms"" is found in which document?", National Policy on Education (1986), National Knowledge Commission (2005), University Education Commission (1948-49), Education Commission (1964-66),D,,val,-3.426449775695801,-0.039384480180411505,-12.8125,-9.510416984558105,-7.84375,-6.7589287757873535,-6.032986164093018,-5.451704502105713,-4.80348539352417,-4.286718845367432,-3.8125,-3.4265007972717285,-2.796875,-1.5091146230697632,-1.1160156726837158,-0.8607701063156128,-0.666015625,-0.4944957494735718,-0.3602764308452606,-0.23736979067325592,-0.12028951942920685,-0.01099917758256197
"Given a solid model of a monolith with rectangular dimensions 1.000 units x 4.000 units x 9.00 units, which of the following options best represents its total surface area (in square units)?", 1.00 x 10^2 units^2., 1.0 x 10^2 units^2., 9.80 x 10^1 units^2., 9.8 x 10^1 units^2.,C,,val,-2.120743751525879,-0.015148169653756278,-7.4921875,-6.159722328186035,-5.2020087242126465,-4.509868621826172,-3.9886066913604736,-3.4991917610168457,-3.044806957244873,-2.6637682914733887,-2.363003730773926,-2.122039794921875,-5.91796875,-3.2994792461395264,-2.313197612762451,-1.6998611688613892,-1.3279520273208618,-1.0753720998764038,-0.8826760649681091,-0.7227376103401184,-0.58050537109375,-0.4260851740837097
The genes of the Tobacco Mosaic Virus are ______., Double-stranded DNA, None of the other choices, Single-stranded RNA, Double-stranded RNA,C,,val,-3.298325777053833,-0.06342934186641987,-10.8125,-9.34375,-8.135416984558105,-6.7890625,-5.875,-5.216145992279053,-4.6640625,-4.11865234375,-3.664442300796509,-3.298776149749756,-1.140625,-0.9609375,-0.8333333134651184,-0.72802734375,-0.5648437738418579,-0.44482421875,-0.3455636203289032,-0.2569580078125,-0.1810980886220932,-0.07548828423023224
"Assertion: Lysosomes can break down carbohydrates, proteins, lipids, and nucleic acids. Reason: Lysosomes contain an abundance of hydrolytic enzymes, including lipases, proteases, and carbohydrases.", If both assertion and reason are true but reason is not the correct explanation of assertion., None of the other choices, If assertion is true but reason is false., If both assertion and reason are false.,B,,val,-1.2350974082946777,-0.009015309549596187,-5.46875,-4.546875,-3.528245210647583,-2.90625,-2.373934745788574,-2.059044361114502,-1.8036458492279053,-1.5507882833480835,-1.392531156539917,-1.234642744064331,-1.109375,-0.687469482421875,-0.41073843836784363,-0.29562556743621826,-0.1966552734375,-0.1294790357351303,-0.06833495944738388,0.00448521226644516,0.06076597422361374,0.12790194153785706
"During the Fourth Anglo-Mysore War in 1799, Tipu Sultan was defeated and killed. Which of the following did not receive a portion of Tipu’s territories?", The Nizam, The English, The Marathas, None of the above,C,,val,-1.6702404022216797,-0.012372151127567997,-6.239583492279053,-5.095982074737549,-4.203125,-3.7578125,-3.250868082046509,-2.7649147510528564,-2.4573047161102295,-2.1298575401306152,-1.873104214668274,-1.6706064939498901,-2.7877604961395264,-1.5334821939468384,-1.0317050218582153,-0.8030831217765808,-0.6048312783241272,-0.4599498510360718,-0.3606933653354645,-0.250732421875,-0.150146484375,-0.04597102105617523
In which phase of laboratory testing does centrifugation of a blood specimen occur?, postexamination/postanalytical, examination/analytical, preexamination/preanalytical, notification/reporting,C,,val,-2.8931543827056885,-0.03709172285520113,-11.25,-9.5625,-7.96875,-5.938802242279053,-5.340401649475098,-4.532986164093018,-4.212500095367432,-3.5908203125,-3.330829381942749,-2.8908121585845947,-2.71875,-2.2682292461395264,-1.845703125,-1.2945963144302368,-1.0802175998687744,-0.7555338740348816,-0.6377929449081421,-0.449462890625,-0.36500900983810425,-0.19811198115348816
What is the objective of the casework process?, To diagnose the problem of the client, To provide immediate relief to the client, To engage the client with his/her problem, To terminate the relationship between the client and the agency,C,,val,-3.1683053970336914,-0.06465929381701412,-12.5625,-12.5625,-9.515625,-8.260416984558105,-6.59765625,-5.460156440734863,-4.678385257720947,-4.034598350524902,-3.5484619140625,-3.168836832046509,-1.921875,-1.921875,-1.318359375,-1.009765625,-0.709228515625,-0.509960949420929,-0.3689778745174408,-0.2643694281578064,-0.1395263671875,-0.0359157994389534
What is a writ of habeas corpus associated with?, An order of freedom of speech, Quashing the order of an administrative authority, Anticipatory bail, None of the other choices,D,,val,-2.8288893699645996,-0.051434352181174536,-12.875,-10.875,-8.182291984558105,-6.64453125,-5.497656345367432,-4.690755367279053,-4.032435894012451,-3.5303192138671875,-3.1380615234375,-2.8242554664611816,-7.25,-3.8984375,-2.7747395038604736,-2.07244873046875,-1.650732398033142,-1.3544515371322632,-1.1244070529937744,-0.931365966796875,-0.7725422978401184,-0.6218506097793579
